Workbook

Sheet Final
A1: Date | B1: Stock | C1: Order Type (Buy/Sell) | D1: Quantity | E1: Price | F1: Status | G1: NSE Code | H1: Latest Recorded Price | I1: %Difference
A2: 46234.688 | B2: E2EEQ | C2: B | D2: 10 | E2: 468 | F2: Expired | G2: NSE:E2E | H2: 570.15 | I2: =((E2-H2)/E2)*100 -> -21.826923
A3: 46234.688 | B3: NETWEBEQ | C3: B | D3: 1 | E3: 3914 | F3: Expired | G3: NSE:NETWEB | H3: 4731.4 | I3: =((E3-H3)/E3)*100 -> -20.884006
A4: 46237.769 | B4: KERNEXEQ | C4: B | D4: 1 | E4: 2064 | F4: Expired | G4: NSE:KERNEX | H4: 2439 | I4: =((E4-H4)/E4)*100 -> -18.168605
A5: 46234.688 | B5: NETWEBEQ | C5: B | D5: 1 | E5: 4014 | F5: Expired | G5: NSE:NETWEB | H5: 4731.4 | I5: =((E5-H5)/E5)*100 -> -17.872446
A6: 46237.769 | B6: E2EEQ | C6: B | D6: 15 | E6: 492 | F6: Expired | G6: NSE:E2E | H6: 570.15 | I6: =((E6-H6)/E6)*100 -> -15.884146
A7: 46237.69 | B7: EXIDEINDEQ | C7: B | D7: 29 | E7: 401 | F7: Expired | G7: NSE:EXIDEIND | H7: 460 | I7: =((E7-H7)/E7)*100 -> -14.713217
A8: 46237.69 | B8: NETWEBEQ | C8: B | D8: 1 | E8: 4164 | F8: Expired | G8: NSE:NETWEB | H8: 4731.4 | I8: =((E8-H8)/E8)*100 -> -13.626321
A9: 46233.688 | B9: KERNEXEQ | C9: B | D9: 1 | E9: 2164 | F9: Expired | G9: NSE:KERNEX | H9: 2439 | I9: =((E9-H9)/E9)*100 -> -12.707948
A10: 46237.636 | B10: SONACOMSEQ | C10: B | D10: 4 | E10: 701 | F10: Expired | G10: NSE:SONACOMS | H10: 787 | I10: =((E10-H10)/E10)*100 -> -12.268188
A11: 46237.635 | B11: ABBEQ | C11: B | D11: 1 | E11: 6920 | F11: Expired | G11: NSE:ABB | H11: 7763 | I11: =((E11-H11)/E11)*100 -> -12.182081
A12: 46237.769 | B12: ITBEESEQ | C12: B | D12: 200 | E12: 31.01 | F12: Expired | G12: NSE:ITBEES | H12: 34.7 | I12: =((E12-H12)/E12)*100 -> -11.899387
A13: 46237.769 | B13: IGILEQ | C13: B | D13: 100 | E13: 322 | F13: Expired | G13: NSE:IGIL | H13: 358 | I13: =((E13-H13)/E13)*100 -> -11.180124
... A177: 46237.769 | B177: SENCOEQ | C177: S | D177: 5 | E177: 435 | F177: Expired | G177: NSE:SENCO | H177: 387 | I177: =((E177-H177)/E177)*100 -> 11.034483

Sheet Sheet2
A1: Date | B1: Stock | C1: Order Type (Buy/Sell) | D1: Quantity | E1: Price | F1: Status
A2: 03 AUG 2026 03:29:09 PM | B2: LTEQ | C2: S | D2: 10 | E2: 4048 | F2: Expired | G2: =IF(COUNTIFS( Final_backup!$B:$B, B2, Final_backup!$C:$C, C2, Final_backup!$D:$D, D2, Final_backup!$E:$E, E2 ) = 0, "NO MATCH IN TARGET", "MATCHED") -> MATCHED
A3: 03 AUG 2026 03:29:14 PM | B3: COCHINSHIPEQ | C3: S | D3: 10 | E3: 1460 | F3: Expired | G3: =IF(COUNTIFS( Final_backup!$B:$B, B3, Final_backup!$C:$C, C3, Final_backup!$D:$D, D3, Final_backup!$E:$E, E3 ) = 0, "NO MATCH IN TARGET", "MATCHED") -> MATCHED
A4: 03 AUG 2026 03:29:11 PM | B4: KFINTECHEQ | C4: S | D4: 10 | E4: 957 | F4: Expired | G4: =IF(COUNTIFS( Final_backup!$B:$B, B4, Final_backup!$C:$C, C4, Final_backup!$D:$D, D4, Final_backup!$E:$E, E4 ) = 0, "NO MATCH IN TARGET", "MATCHED") -> MATCHED
A5: 46237.769 | B5: APOLLOTYREEQ | C5: S | D5: 40 | E5: 444 | F5: Expired | G5: =IF(COUNTIFS( Final_backup!$B:$B, B5, Final_backup!$C:$C, C5, Final_backup!$D:$D, D5, Final_backup!$E:$E, E5 ) = 0, "NO MATCH IN TARGET", "MATCHED") -> MATCHED
A6: 46237.691 | B6: GRSEEQ | C6: S | D6: 10 | E6: 2620 | F6: Expired | G6: =IF(COUNTIFS( Final_backup!$B:$B, B6, Final_backup!$C:$C, C6, Final_backup!$D:$D, D6, Final_backup!$E:$E, E6 ) = 0, "NO MATCH IN TARGET", "MATCHED") -> MATCHED
A7: 03 AUG 2026 03:29:12 PM | B7: BDLEQ | C7: S | D7: 10 | E7: 1280 | F7: Expired | G7: =IF(COUNTIFS( Final_backup!$B:$B, B7, Final_backup!$C:$C, C7, Final_backup!$D:$D, D7, Final_backup!$E:$E, E7 ) = 0, "NO MATCH IN TARGET", "MATCHED") -> MATCHED
A8: 03 AUG 2026 03:29:15 PM | B8: IRFCEQ | C8: S | D8: 200 | E8: 91.75 | F8: Expired | G8: =IF(COUNTIFS( Final_backup!$B:$B, B8, Final_backup!$C:$C, C8, Final_backup!$D:$D, D8, Final_backup!$E:$E, E8 ) = 0, "NO MATCH IN TARGET", "MATCHED") -> MATCHED
A9: 46237.769 | B9: GRSEEQ | C9: S | D9: 10 | E9: 2632 | F9: Expired | G9: =IF(COUNTIFS( Final_backup!$B:$B, B9, Final_backup!$C:$C, C9, Final_backup!$D:$D, D9, Final_backup!$E:$E, E9 ) = 0, "NO MATCH IN TARGET", "MATCHED") -> MATCHED
A10: 03 AUG 2026 03:29:07 PM | B10: NAM-INDIAEQ | C10: S | D10: 15 | E10: 1186 | F10: Expired | G10: =IF(COUNTIFS( Final_backup!$B:$B, B10, Final_backup!$C:$C, C10, Final_backup!$D:$D, D10, Final_backup!$E:$E, E10 ) = 0, "NO MATCH IN TARGET", "MATCHED") -> MATCHED
A11: 46234.687 | B11: SBINEQ | C11: S | D11: 10 | E11: 1056 | F11: Expired | G11: =IF(COUNTIFS( Final_backup!$B:$B, B11, Final_backup!$C:$C, C11, Final_backup!$D:$D, D11, Final_backup!$E:$E, E11 ) = 0, "NO MATCH IN TARGET", "MATCHED") -> MATCHED
A12: 03 AUG 2026 03:29:09 PM | B12: SBINEQ | C12: S | D12: 10 | E12: 1056 | F12: Expired | G12: =IF(COUNTIFS( Final_backup!$B:$B, B12, Final_backup!$C:$C, C12, Final_backup!$D:$D, D12, Final_backup!$E:$E, E12 ) = 0, "NO MATCH IN TARGET", "MATCHED") -> MATCHED
A13: 46237.769 | B13: IGILEQ | C13: S | D13: 67 | E13: 373 | F13: Expired | G13: =IF(COUNTIFS( Final_backup!$B:$B, B13, Final_backup!$C:$C, C13, Final_backup!$D:$D, D13, Final_backup!$E:$E, E13 ) = 0, "NO MATCH IN TARGET", "MATCHED") -> MATCHED
A14: 03 AUG 2026 03:29:13 PM | B14: RVNLEQ | C14: S | D14: 100 | E14: 238.2 | F14: Expired | G14: =IF(COUNTIFS( Final_backup!$B:$B, B14, Final_backup!$C:$C, C14, Final_backup!$D:$D, D14, Final_backup!$E:$E, E14 ) = 0, "NO MATCH IN TARGET", "MATCHED") -> MATCHED
A15: 46234.687 | B15: APOLLOTYREEQ | C15: S | D15: 40 | E15: 448 | F15: Expired | G15: =IF(COUNTIFS( Final_backup!$B:$B, B15, Final_backup!$C:$C, C15, Final_backup!$D:$D, D15, Final_backup!$E:$E, E15 ) = 0, "NO MATCH IN TARGET", "MATCHED") -> MATCHED
A16: 46237.769 | B16: IRCONEQ | C16: S | D16: 150 | E16: 134.8 | F16: Expired | G16: =IF(COUNTIFS( Final_backup!$B:$B, B16, Final_backup!$C:$C, C16, Final_backup!$D:$D, D16, Final_backup!$E:$E, E16 ) = 0, "NO MATCH IN TARGET", "MATCHED") -> MATCHED
A17: 46237.691 | B17: GRSEEQ | C17: S | D17: 10 | E17: 2648 | F17: Expired | G17: =IF(COUNTIFS( Final_backup!$B:$B, B17, Final_backup!$C:$C, C17, Final_backup!$D:$D, D17, Final_backup!$E:$E, E17 ) = 0, "NO MATCH IN TARGET", "MATCHED") -> MATCHED
A18: 46237.769 | B18: RAILTELEQ | C18: S | D18: 120 | E18: 300.5 | F18: Expired | G18: =IF(COUNTIFS( Final_backup!$B:$B, B18, Final_backup!$C:$C, C18, Final_backup!$D:$D, D18, Final_backup!$E:$E, E18 ) = 0, "NO MATCH IN TARGET", "MATCHED") -> MATCHED
A19: 46234.688 | B19: BDLEQ | C19: S | D19: 10 | E19: 1298 | F19: Expired | G19: =IF(COUNTIFS( Final_backup!$B:$B, B19, Final_backup!$C:$C, C19, Final_backup!$D:$D, D19, Final_backup!$E:$E, E19 ) = 0, "NO MATCH IN TARGET", "MATCHED") -> MATCHED
A20: 03 AUG 2026 03:29:13 PM | B20: BDLEQ | C20: S | D20: 10 | E20: 1298 | F20: Expired | G20: =IF(COUNTIFS( Final_backup!$B:$B, B20, Final_backup!$C:$C, C20, Final_backup!$D:$D, D20, Final_backup!$E:$E, E20 ) = 0, "NO MATCH IN TARGET", "MATCHED") -> MATCHED
A21: 46237.769 | B21: WAAREERTLEQ | C21: S | D21: 30 | E21: 948 | F21: Expired | G21: =IF(COUNTIFS( Final_backup!$B:$B, B21, Final_backup!$C:$C, C21, Final_backup!$D:$D, D21, Final_backup!$E:$E, E21 ) = 0, "NO MATCH IN TARGET", "MATCHED") -> MATCHED
A22: 46237.691 | B22: NETWEBEQ | C22: S | D22: 2 | E22: 4720 | F22: Expired | G22: =IF(COUNTIFS( Final_backup!$B:$B, B22, Final_backup!$C:$C, C22, Final_backup!$D:$D, D22, Final_backup!$E:$E, E22 ) = 0, "NO MATCH IN TARGET", "MATCHED") -> MATCHED
A23: 46234.688 | B23: KFINTECHEQ | C23: S | D23: 10 | E23: 977 | F23: Expired | G23: =IF(COUNTIFS( Final_backup!$B:$B, B23, Final_backup!$C:$C, C23, Final_backup!$D:$D, D23, Final_backup!$E:$E, E23 ) = 0, "NO MATCH IN TARGET", "MATCHED") -> MATCHED
A24: 03 AUG 2026 03:15:09 PM | B24: KFINTECHEQ | C24: S | D24: 10 | E24: 977 | F24: Expired | G24: =IF(COUNTIFS( Final_backup!$B:$B, B24, Final_backup!$C:$C, C24, Final_backup!$D:$D, D24, Final_backup!$E:$E, E24 ) = 0, "NO MATCH IN TARGET", "MATCHED") -> MATCHED
A25: 46237.769 | B25: SILVERBEESEQ | C25: S | D25: 50 | E25: 214 | F25: Expired | G25: =IF(COUNTIFS( Final_backup!$B:$B, B25, Final_backup!$C:$C, C25, Final_backup!$D:$D, D25, Final_backup!$E:$E, E25 ) = 0, "NO MATCH IN TARGET", "MATCHED") -> MATCHED
A26: 46234.688 | B26: BSEEQ | C26: S | D26: 1 | E26: 3710 | F26: Expired | G26: =IF(COUNTIFS( Final_backup!$B:$B, B26, Final_backup!$C:$C, C26, Final_backup!$D:$D, D26, Final_backup!$E:$E, E26 ) = 0, "NO MATCH IN TARGET", "MATCHED") -> MATCHED
A27: 03 AUG 2026 03:15:13 PM | B27: BSEEQ | C27: S | D27: 1 | E27: 3710 | F27: Expired | G27: =IF(COUNTIFS( Final_backup!$B:$B, B27, Final_backup!$C:$C, C27, Final_backup!$D:$D, D27, Final_backup!$E:$E, E27 ) = 0, "NO MATCH IN TARGET", "MATCHED") -> MATCHED
A28: 46234.688 | B28: CGPOWEREQ | C28: S | D28: 5 | E28: 886 | F28: Expired | G28: =IF(COUNTIFS( Final_backup!$B:$B, B28, Final_backup!$C:$C, C28, Final_backup!$D:$D, D28, Final_backup!$E:$E, E28 ) = 0, "NO MATCH IN TARGET", "MATCHED") -> MATCHED
A29: 03 AUG 2026 03:15:13 PM | B29: CGPOWEREQ | C29: S | D29: 5 | E29: 886 | F29: Expired | G29: =IF(COUNTIFS( Final_backup!$B:$B, B29, Final_backup!$C:$C, C29, Final_backup!$D:$D, D29, Final_backup!$E:$E, E29 ) = 0, "NO MATCH IN TARGET", "MATCHED") -> MATCHED
A30: 46233.688 | B30: NAM-INDIAEQ | C30: S | D30: 5 | E30: 1211 | F30: Expired | G30: =IF(COUNTIFS( Final_backup!$B:$B, B30, Final_backup!$C:$C, C30, Final_backup!$D:$D, D30, Final_backup!$E:$E, E30 ) = 0, "NO MATCH IN TARGET", "MATCHED") -> MATCHED
A31: 03 AUG 2026 03:15:11 PM | B31: NAM-INDIAEQ | C31: S | D31: 5 | E31: 1211 | F31: Expired | G31: =IF(COUNTIFS( Final_backup!$B:$B, B31, Final_backup!$C:$C, C31, Final_backup!$D:$D, D31, Final_backup!$E:$E, E31 ) = 0, "NO MATCH IN TARGET", "MATCHED") -> MATCHED
A32: 46237.691 | B32: GRSEEQ | C32: S | D32: 10 | E32: 2690 | F32: Expired | G32: =IF(COUNTIFS( Final_backup!$B:$B, B32, Final_backup!$C:$C, C32, Final_backup!$D:$D, D32, Final_backup!$E:$E, E32 ) = 0, "NO MATCH IN TARGET", "MATCHED") -> MATCHED
A33: 46237.769 | B33: KERNEXEQ | C33: S | D33: 1 | E33: 2396 | F33: Expired | G33: =IF(COUNTIFS( Final_backup!$B:$B, B33, Final_backup!$C:$C, C33, Final_backup!$D:$D, D33, Final_backup!$E:$E, E33 ) = 0, "NO MATCH IN TARGET", "MATCHED") -> MATCHED
A34: 46237.769 | B34: MOSCHIPEQ | C34: S | D34: 65 | E34: 219 | F34: Expired | G34: =IF(COUNTIFS( Final_backup!$B:$B, B34, Final_backup!$C:$C, C34, Final_backup!$D:$D, D34, Final_backup!$E:$E, E34 ) = 0, "NO MATCH IN TARGET", "MATCHED") -> MATCHED
A35: 46234.688 | B35: HDFCAMCEQ | C35: S | D35: 2 | E35: 2690 | F35: Expired | G35: =IF(COUNTIFS( Final_backup!$B:$B, B35, Final_backup!$C:$C, C35, Final_backup!$D:$D, D35, Final_backup!$E:$E, E35 ) = 0, "NO MATCH IN TARGET", "MATCHED") -> MATCHED
A36: 03 AUG 2026 03:15:11 PM | B36: HDFCAMCEQ | C36: S | D36: 2 | E36: 2690 | F36: Expired | G36: =IF(COUNTIFS( Final_backup!$B:$B, B36, Final_backup!$C:$C, C36, Final_backup!$D:$D, D36, Final_backup!$E:$E, E36 ) = 0, "NO MATCH IN TARGET", "MATCHED") -> MATCHED
A37: 46234.688 | B37: CONCOREQ | C37: S | D37: 11 | E37: 548 | F37: Expired | G37: =IF(COUNTIFS( Final_backup!$B:$B, B37, Final_backup!$C:$C, C37, Final_backup!$D:$D, D37, Final_backup!$E:$E, E37 ) = 0, "NO MATCH IN TARGET", "MATCHED") -> MATCHED
A38: 03 AUG 2026 03:15:14 PM | B38: CONCOREQ | C38: S | D38: 11 | E38: 548 | F38: Expired | G38: =IF(COUNTIFS( Final_backup!$B:$B, B38, Final_backup!$C:$C, C38, Final_backup!$D:$D, D38, Final_backup!$E:$E, E38 ) = 0, "NO MATCH IN TARGET", "MATCHED") -> MATCHED
A39: 46234.688 | B39: CAMSEQ | C39: S | D39: 20 | E39: 836 | F39: Expired | G39: =IF(COUNTIFS( Final_backup!$B:$B, B39, Final_backup!$C:$C, C39, Final_backup!$D:$D, D39, Final_backup!$E:$E, E39 ) = 0, "NO MATCH IN TARGET", "MATCHED") -> NO MATCH IN TARGET
A40: 03 AUG 2026 03:15:13 PM | B40: CAMSEQ | C40: S | D40: 20 | E40: 836 | F40: Expired | G40: =IF(COUNTIFS( Final_backup!$B:$B, B40, Final_backup!$C:$C, C40, Final_backup!$D:$D, D40, Final_backup!$E:$E, E40 ) = 0, "NO MATCH IN TARGET", "MATCHED") -> NO MATCH IN TARGET
A41: 46233.688 | B41: NAM-INDIAEQ | C41: S | D41: 10 | E41: 1221 | F41: Expired | G41: =IF(COUNTIFS( Final_backup!$B:$B, B41, Final_backup!$C:$C, C41, Final_backup!$D:$D, D41, Final_backup!$E:$E, E41 ) = 0, "NO MATCH IN TARGET", "MATCHED") -> MATCHED
A42: 03 AUG 2026 03:15:11 PM | B42: NAM-INDIAEQ | C42: S | D42: 10 | E42: 1221 | F42: Expired | G42: =IF(COUNTIFS( Final_backup!$B:$B, B42, Final_backup!$C:$C, C42, Final_backup!$D:$D, D42, Final_backup!$E:$E, E42 ) = 0, "NO MATCH IN TARGET", "MATCHED") -> MATCHED
A43: 46233.688 | B43: BDLEQ | C43: S | D43: 10 | E43: 1324 | F43: Expired | G43: =IF(COUNTIFS( Final_backup!$B:$B, B43, Final_backup!$C:$C, C43, Final_backup!$D:$D, D43, Final_backup!$E:$E, E43 ) = 0, "NO MATCH IN TARGET", "MATCHED") -> MATCHED
A44: 03 AUG 2026 03:15:11 PM | B44: BDLEQ | C44: S | D44: 10 | E44: 1324 | F44: Expired | G44: =IF(COUNTIFS( Final_backup!$B:$B, B44, Final_backup!$C:$C, C44, Final_backup!$D:$D, D44, Final_backup!$E:$E, E44 ) = 0, "NO MATCH IN TARGET", "MATCHED") -> MATCHED
A45: 46233.688 | B45: CGPOWEREQ | C45: S | D45: 45 | E45: 896 | F45: Expired | G45: =IF(COUNTIFS( Final_backup!$B:$B, B45, Final_backup!$C:$C, C45, Final_backup!$D:$D, D45, Final_backup!$E:$E, E45 ) = 0, "NO MATCH IN TARGET", "MATCHED") -> NO MATCH IN TARGET
A46: 03 AUG 2026 03:15:13 PM | B46: CGPOWEREQ | C46: S | D46: 45 | E46: 896 | F46: Expired | G46: =IF(COUNTIFS( Final_backup!$B:$B, B46, Final_backup!$C:$C, C46, Final_backup!$D:$D, D46, Final_backup!$E:$E, E46 ) = 0, "NO MATCH IN TARGET", "MATCHED") -> NO MATCH IN TARGET
A47: 46233.688 | B47: HDFCAMCEQ | C47: S | D47: 3 | E47: 2710 | F47: Expired | G47: =IF(COUNTIFS( Final_backup!$B:$B, B47, Final_backup!$C:$C, C47, Final_backup!$D:$D, D47, Final_backup!$E:$E, E47 ) = 0, "NO MATCH IN TARGET", "MATCHED") -> MATCHED
A48: 03 AUG 2026 03:15:11 PM | B48: HDFCAMCEQ | C48: S | D48: 3 | E48: 2710 | F48: Expired | G48: =IF(COUNTIFS( Final_backup!$B:$B, B48, Final_backup!$C:$C, C48, Final_backup!$D:$D, D48, Final_backup!$E:$E, E48 ) = 0, "NO MATCH IN TARGET", "MATCHED") -> MATCHED
A49: 46237.691 | B49: GRSEEQ | C49: S | D49: 10 | E49: 2720 | F49: Expired | G49: =IF(COUNTIFS( Final_backup!$B:$B, B49, Final_backup!$C:$C, C49, Final_backup!$D:$D, D49, Final_backup!$E:$E, E49 ) = 0, "NO MATCH IN TARGET", "MATCHED") -> MATCHED
A50: 46234.688 | B50: KFINTECHEQ | C50: S | D50: 10 | E50: 997 | F50: Expired | G50: =IF(COUNTIFS( Final_backup!$B:$B, B50, Final_backup!$C:$C, C50, Final_backup!$D:$D, D50, Final_backup!$E:$E, E50 ) = 0, "NO MATCH IN TARGET", "MATCHED") -> MATCHED
A51: 03 AUG 2026 03:15:09 PM | B51: KFINTECHEQ | C51: S | D51: 10 | E51: 997 | F51: Expired | G51: =IF(COUNTIFS( Final_backup!$B:$B, B51, Final_backup!$C:$C, C51, Final_backup!$D:$D, D51, Final_backup!$E:$E, E51 ) = 0, "NO MATCH IN TARGET", "MATCHED") -> MATCHED
A52: 46237.769 | B52: SILVERBEESEQ | C52: S | D52: 50 | E52: 218 | F52: Expired | G52: =IF(COUNTIFS( Final_backup!$B:$B, B52, Final_backup!$C:$C, C52, Final_backup!$D:$D, D52, Final_backup!$E:$E, E52 ) = 0, "NO MATCH IN TARGET", "MATCHED") -> MATCHED
A53: 46234.688 | B53: INDHOTELEQ | C53: S | D53: 5 | E53: 790 | F53: Expired | G53: =IF(COUNTIFS( Final_backup!$B:$B, B53, Final_backup!$C:$C, C53, Final_backup!$D:$D, D53, Final_backup!$E:$E, E53 ) = 0, "NO MATCH IN TARGET", "MATCHED") -> MATCHED
A54: 03 AUG 2026 03:15:13 PM | B54: INDHOTELEQ | C54: S | D54: 5 | E54: 790 | F54: Expired | G54: =IF(COUNTIFS( Final_backup!$B:$B, B54, Final_backup!$C:$C, C54, Final_backup!$D:$D, D54, Final_backup!$E:$E, E54 ) = 0, "NO MATCH IN TARGET", "MATCHED") -> MATCHED
A55: 46237.769 | B55: WAAREERTLEQ | C55: S | D55: 30 | E55: 974 | F55: Expired | G55: =IF(COUNTIFS( Final_backup!$B:$B, B55, Final_backup!$C:$C, C55, Final_backup!$D:$D, D55, Final_backup!$E:$E, E55 ) = 0, "NO MATCH IN TARGET", "MATCHED") -> MATCHED
A56: 46237.769 | B56: EXIDEINDEQ | C56: S | D56: 5 | E56: 469 | F56: Expired | G56: =IF(COUNTIFS( Final_backup!$B:$B, B56, Final_backup!$C:$C, C56, Final_backup!$D:$D, D56, Final_backup!$E:$E, E56 ) = 0, "NO MATCH IN TARGET", "MATCHED") -> MATCHED
A57: 46237.769 | B57: RAILTELEQ | C57: S | D57: 100 | E57: 310.5 | F57: Expired | G57: =IF(COUNTIFS( Final_backup!$B:$B, B57, Final_backup!$C:$C, C57, Final_backup!$D:$D, D57, Final_backup!$E:$E, E57 ) = 0, "NO MATCH IN TARGET", "MATCHED") -> MATCHED
A58: 46234.688 | B58: BSEEQ | C58: S | D58: 1 | E58: 3804 | F58: Expired | G58: =IF(COUNTIFS( Final_backup!$B:$B, B58, Final_backup!$C:$C, C58, Final_backup!$D:$D, D58, Final_backup!$E:$E, E58 ) = 0, "NO MATCH IN TARGET", "MATCHED") -> NO MATCH IN TARGET
A59: 03 AUG 2026 03:15:13 PM | B59: BSEEQ | C59: S | D59: 1 | E59: 3804 | F59: Expired | G59: =IF(COUNTIFS( Final_backup!$B:$B, B59, Final_backup!$C:$C, C59, Final_backup!$D:$D, D59, Final_backup!$E:$E, E59 ) = 0, "NO MATCH IN TARGET", "MATCHED") -> NO MATCH IN TARGET
A60: 46233.688 | B60: APOLLOTYREEQ | C60: S | D60: 5 | E60: 467.25 | F60: Expired | G60: =IF(COUNTIFS( Final_backup!$B:$B, B60, Final_backup!$C:$C, C60, Final_backup!$D:$D, D60, Final_backup!$E:$E, E60 ) = 0, "NO MATCH IN TARGET", "MATCHED") -> MATCHED
A61: 46237.769 | B61: WAAREERTLEQ | C61: S | D61: 5 | E61: 986 | F61: Expired | G61: =IF(COUNTIFS( Final_backup!$B:$B, B61, Final_backup!$C:$C, C61, Final_backup!$D:$D, D61, Final_backup!$E:$E, E61 ) = 0, "NO MATCH IN TARGET", "MATCHED") -> MATCHED
A62: 46237.691 | B62: GRSEEQ | C62: S | D62: 10 | E62: 2770 | F62: Expired | G62: =IF(COUNTIFS( Final_backup!$B:$B, B62, Final_backup!$C:$C, C62, Final_backup!$D:$D, D62, Final_backup!$E:$E, E62 ) = 0, "NO MATCH IN TARGET", "MATCHED") -> MATCHED
A63: 46234.687 | B63: RAILTELEQ | C63: S | D63: 100 | E63: 314 | F63: Expired | G63: =IF(COUNTIFS( Final_backup!$B:$B, B63, Final_backup!$C:$C, C63, Final_backup!$D:$D, D63, Final_backup!$E:$E, E63 ) = 0, "NO MATCH IN TARGET", "MATCHED") -> MATCHED
A64: 46233.688 | B64: CDSLEQ | C64: S | D64: 7 | E64: 1424 | F64: Expired | G64: =IF(COUNTIFS( Final_backup!$B:$B, B64, Final_backup!$C:$C, C64, Final_backup!$D:$D, D64, Final_backup!$E:$E, E64 ) = 0, "NO MATCH IN TARGET", "MATCHED") -> MATCHED
A65: 03 AUG 2026 03:15:13 PM | B65: CDSLEQ | C65: S | D65: 7 | E65: 1424 | F65: Expired | G65: =IF(COUNTIFS( Final_backup!$B:$B, B65, Final_backup!$C:$C, C65, Final_backup!$D:$D, D65, Final_backup!$E:$E, E65 ) = 0, "NO MATCH IN TARGET", "MATCHED") -> MATCHED
A66: 46234.688 | B66: VBLEQ | C66: S | D66: 50 | E66: 480 | F66: Expired | G66: =IF(COUNTIFS( Final_backup!$B:$B, B66, Final_backup!$C:$C, C66, Final_backup!$D:$D, D66, Final_backup!$E:$E, E66 ) = 0, "NO MATCH IN TARGET", "MATCHED") -> MATCHED
A67: 03 AUG 2026 03:15:13 PM | B67: VBLEQ | C67: S | D67: 50 | E67: 480 | F67: Expired | G67: =IF(COUNTIFS( Final_backup!$B:$B, B67, Final_backup!$C:$C, C67, Final_backup!$D:$D, D67, Final_backup!$E:$E, E67 ) = 0, "NO MATCH IN TARGET", "MATCHED") -> MATCHED
A68: 46237.769 | B68: HUDCOEQ | C68: S | D68: 25 | E68: 214 | F68: Expired | G68: =IF(COUNTIFS( Final_backup!$B:$B, B68, Final_backup!$C:$C, C68, Final_backup!$D:$D, D68, Final_backup!$E:$E, E68 ) = 0, "NO MATCH IN TARGET", "MATCHED") -> MATCHED
A69: 46233.689 | B69: WAAREERTLEQ | C69: S | D69: 40 | E69: 996 | F69: Expired | G69: =IF(COUNTIFS( Final_backup!$B:$B, B69, Final_backup!$C:$C, C69, Final_backup!$D:$D, D69, Final_backup!$E:$E, E69 ) = 0, "NO MATCH IN TARGET", "MATCHED") -> MATCHED
A70: 46233.688 | B70: KFINTECHEQ | C70: S | D70: 10 | E70: 1024 | F70: Expired | G70: =IF(COUNTIFS( Final_backup!$B:$B, B70, Final_backup!$C:$C, C70, Final_backup!$D:$D, D70, Final_backup!$E:$E, E70 ) = 0, "NO MATCH IN TARGET", "MATCHED") -> MATCHED
A71: 03 AUG 2026 03:15:09 PM | B71: KFINTECHEQ | C71: S | D71: 10 | E71: 1024 | F71: Expired | G71: =IF(COUNTIFS( Final_backup!$B:$B, B71, Final_backup!$C:$C, C71, Final_backup!$D:$D, D71, Final_backup!$E:$E, E71 ) = 0, "NO MATCH IN TARGET", "MATCHED") -> MATCHED
A72: 46237.691 | B72: KERNEXEQ | C72: S | D72: 1 | E72: 2496 | F72: Expired | G72: =IF(COUNTIFS( Final_backup!$B:$B, B72, Final_backup!$C:$C, C72, Final_backup!$D:$D, D72, Final_backup!$E:$E, E72 ) = 0, "NO MATCH IN TARGET", "MATCHED") -> MATCHED
A73: 46237.769 | B73: WAAREERTLEQ | C73: S | D73: 5 | E73: 1002 | F73: Expired | G73: =IF(COUNTIFS( Final_backup!$B:$B, B73, Final_backup!$C:$C, C73, Final_backup!$D:$D, D73, Final_backup!$E:$E, E73 ) = 0, "NO MATCH IN TARGET", "MATCHED") -> MATCHED
A74: 46233.688 | B74: MOSCHIPEQ | C74: S | D74: 40 | E74: 229 | F74: Expired | G74: =IF(COUNTIFS( Final_backup!$B:$B, B74, Final_backup!$C:$C, C74, Final_backup!$D:$D, D74, Final_backup!$E:$E, E74 ) = 0, "NO MATCH IN TARGET", "MATCHED") -> MATCHED
A75: 46233.688 | B75: BELEQ | C75: S | D75: 20 | E75: 424 | F75: Expired | G75: =IF(COUNTIFS( Final_backup!$B:$B, B75, Final_backup!$C:$C, C75, Final_backup!$D:$D, D75, Final_backup!$E:$E, E75 ) = 0, "NO MATCH IN TARGET", "MATCHED") -> MATCHED
A76: 46234.687 | B76: RAILTELEQ | C76: S | D76: 100 | E76: 319 | F76: Expired | G76: =IF(COUNTIFS( Final_backup!$B:$B, B76, Final_backup!$C:$C, C76, Final_backup!$D:$D, D76, Final_backup!$E:$E, E76 ) = 0, "NO MATCH IN TARGET", "MATCHED") -> MATCHED
A77: 46234.687 | B77: RAILTELEQ | C77: S | D77: 150 | E77: 323 | F77: Expired | G77: =IF(COUNTIFS( Final_backup!$B:$B, B77, Final_backup!$C:$C, C77, Final_backup!$D:$D, D77, Final_backup!$E:$E, E77 ) = 0, "NO MATCH IN TARGET", "MATCHED") -> MATCHED
A78: 46234.688 | B78: VBLEQ | C78: S | D78: 35 | E78: 494 | F78: Expired | G78: =IF(COUNTIFS( Final_backup!$B:$B, B78, Final_backup!$C:$C, C78, Final_backup!$D:$D, D78, Final_backup!$E:$E, E78 ) = 0, "NO MATCH IN TARGET", "MATCHED") -> MATCHED
A79: 46237.769 | B79: SENCOEQ | C79: S | D79: 5 | E79: 435 | F79: Expired | G79: =IF(COUNTIFS( Final_backup!$B:$B, B79, Final_backup!$C:$C, C79, Final_backup!$D:$D, D79, Final_backup!$E:$E, E79 ) = 0, "NO MATCH IN TARGET", "MATCHED") -> MATCHED
A80: 46237.769 | B80: JUSTDIALEQ | C80: B | D80: 10 | E80: 701 | F80: Expired | G80: =IF(COUNTIFS( Final_backup!$B:$B, B80, Final_backup!$C:$C, C80, Final_backup!$D:$D, D80, Final_backup!$E:$E, E80 ) = 0, "NO MATCH IN TARGET", "MATCHED") -> MATCHED
A81: 46237.691 | B81: MOSCHIPEQ | C81: B | D81: 100 | E81: 208 | F81: Expired | G81: =IF(COUNTIFS( Final_backup!$B:$B, B81, Final_backup!$C:$C, C81, Final_backup!$D:$D, D81, Final_backup!$E:$E, E81 ) = 0, "NO MATCH IN TARGET", "MATCHED") -> MATCHED
A82: 46237.769 | B82: GRSEEQ | C82: B | D82: 10 | E82: 2553 | F82: Expired | G82: =IF(COUNTIFS( Final_backup!$B:$B, B82, Final_backup!$C:$C, C82, Final_backup!$D:$D, D82, Final_backup!$E:$E, E82 ) = 0, "NO MATCH IN TARGET", "MATCHED") -> MATCHED
A83: 03 AUG 2026 03:29:14 PM | B83: RVNLEQ | C83: B | D83: 200 | E83: 230.1 | F83: Expired | G83: =IF(COUNTIFS( Final_backup!$B:$B, B83, Final_backup!$C:$C, C83, Final_backup!$D:$D, D83, Final_backup!$E:$E, E83 ) = 0, "NO MATCH IN TARGET", "MATCHED") -> MATCHED
A84: 03 AUG 2026 03:29:10 PM | B84: LTEQ | C84: B | D84: 5 | E84: 3938 | F84: Expired | G84: =IF(COUNTIFS( Final_backup!$B:$B, B84, Final_backup!$C:$C, C84, Final_backup!$D:$D, D84, Final_backup!$E:$E, E84 ) = 0, "NO MATCH IN TARGET", "MATCHED") -> MATCHED
A85: 46234.688 | B85: CDSLEQ | C85: B | D85: 3 | E85: 1302 | F85: Expired | G85: =IF(COUNTIFS( Final_backup!$B:$B, B85, Final_backup!$C:$C, C85, Final_backup!$D:$D, D85, Final_backup!$E:$E, E85 ) = 0, "NO MATCH IN TARGET", "MATCHED") -> MATCHED
A86: 03 AUG 2026 03:29:08 PM | B86: CDSLEQ | C86: B | D86: 3 | E86: 1302 | F86: Expired | G86: =IF(COUNTIFS( Final_backup!$B:$B, B86, Final_backup!$C:$C, C86, Final_backup!$D:$D, D86, Final_backup!$E:$E, E86 ) = 0, "NO MATCH IN TARGET", "MATCHED") -> MATCHED
A87: 03 AUG 2026 03:15:14 PM | B87: IRFCEQ | C87: B | D87: 200 | E87: 88.85 | F87: Expired | G87: =IF(COUNTIFS( Final_backup!$B:$B, B87, Final_backup!$C:$C, C87, Final_backup!$D:$D, D87, Final_backup!$E:$E, E87 ) = 0, "NO MATCH IN TARGET", "MATCHED") -> MATCHED
A88: 46237.691 | B88: GRSEEQ | C88: B | D88: 5 | E88: 2530 | F88: Expired | G88: =IF(COUNTIFS( Final_backup!$B:$B, B88, Final_backup!$C:$C, C88, Final_backup!$D:$D, D88, Final_backup!$E:$E, E88 ) = 0, "NO MATCH IN TARGET", "MATCHED") -> MATCHED
A89: 46237.69 | B89: RAILTELEQ | C89: B | D89: 50 | E89: 286 | F89: Expired | G89: =IF(COUNTIFS( Final_backup!$B:$B, B89, Final_backup!$C:$C, C89, Final_backup!$D:$D, D89, Final_backup!$E:$E, E89 ) = 0, "NO MATCH IN TARGET", "MATCHED") -> MATCHED
A90: 03 AUG 2026 03:15:14 PM | B90: IREDAEQ | C90: B | D90: 150 | E90: 120.45 | F90: Expired | G90: =IF(COUNTIFS( Final_backup!$B:$B, B90, Final_backup!$C:$C, C90, Final_backup!$D:$D, D90, Final_backup!$E:$E, E90 ) = 0, "NO MATCH IN TARGET", "MATCHED") -> MATCHED
A91: 46237.769 | B91: SILVERBEESEQ | C91: B | D91: 50 | E91: 202 | F91: Expired | G91: =IF(COUNTIFS( Final_backup!$B:$B, B91, Final_backup!$C:$C, C91, Final_backup!$D:$D, D91, Final_backup!$E:$E, E91 ) = 0, "NO MATCH IN TARGET", "MATCHED") -> MATCHED
A92: 03 AUG 2026 03:15:14 PM | B92: COCHINSHIPEQ | C92: B | D92: 10 | E92: 1410 | F92: Expired | G92: =IF(COUNTIFS( Final_backup!$B:$B, B92, Final_backup!$C:$C, C92, Final_backup!$D:$D, D92, Final_backup!$E:$E, E92 ) = 0, "NO MATCH IN TARGET", "MATCHED") -> MATCHED
A93: 03 AUG 2026 03:15:09 PM | B93: RVNLEQ | C93: B | D93: 200 | E93: 227.5 | F93: Expired | G93: =IF(COUNTIFS( Final_backup!$B:$B, B93, Final_backup!$C:$C, C93, Final_backup!$D:$D, D93, Final_backup!$E:$E, E93 ) = 0, "NO MATCH IN TARGET", "MATCHED") -> MATCHED
A94: 46237.769 | B94: SENCOEQ | C94: B | D94: 5 | E94: 366 | F94: Expired | G94: =IF(COUNTIFS( Final_backup!$B:$B, B94, Final_backup!$C:$C, C94, Final_backup!$D:$D, D94, Final_backup!$E:$E, E94 ) = 0, "NO MATCH IN TARGET", "MATCHED") -> MATCHED
A95: 46234.688 | B95: DIXONEQ | C95: B | D95: 1 | E95: 13552 | F95: Expired | G95: =IF(COUNTIFS( Final_backup!$B:$B, B95, Final_backup!$C:$C, C95, Final_backup!$D:$D, D95, Final_backup!$E:$E, E95 ) = 0, "NO MATCH IN TARGET", "MATCHED") -> MATCHED
A96: 03 AUG 2026 03:29:15 PM | B96: DIXONEQ | C96: B | D96: 1 | E96: 13552 | F96: Expired | G96: =IF(COUNTIFS( Final_backup!$B:$B, B96, Final_backup!$C:$C, C96, Final_backup!$D:$D, D96, Final_backup!$E:$E, E96 ) = 0, "NO MATCH IN TARGET", "MATCHED") -> MATCHED
A97: 46237.769 | B97: ZENTECEQ | C97: B | D97: 5 | E97: 1614 | F97: Expired | G97: =IF(COUNTIFS( Final_backup!$B:$B, B97, Final_backup!$C:$C, C97, Final_backup!$D:$D, D97, Final_backup!$E:$E, E97 ) = 0, "NO MATCH IN TARGET", "MATCHED") -> MATCHED
A98: 46237.69 | B98: APOLLOTYREEQ | C98: B | D98: 40 | E98: 426 | F98: Expired | G98: =IF(COUNTIFS( Final_backup!$B:$B, B98, Final_backup!$C:$C, C98, Final_backup!$D:$D, D98, Final_backup!$E:$E, E98 ) = 0, "NO MATCH IN TARGET", "MATCHED") -> MATCHED
A99: 46234.687 | B99: NAM-INDIAEQ | C99: B | D99: 5 | E99: 1131 | F99: Expired | G99: =IF(COUNTIFS( Final_backup!$B:$B, B99, Final_backup!$C:$C, C99, Final_backup!$D:$D, D99, Final_backup!$E:$E, E99 ) = 0, "NO MATCH IN TARGET", "MATCHED") -> MATCHED
A100: 03 AUG 2026 03:29:06 PM | B100: NAM-INDIAEQ | C100: B | D100: 5 | E100: 1131 | F100: Expired | G100: =IF(COUNTIFS( Final_backup!$B:$B, B100, Final_backup!$C:$C, C100, Final_backup!$D:$D, D100, Final_backup!$E:$E, E100 ) = 0, "NO MATCH IN TARGET", "MATCHED") -> MATCHED
...

Sheet Final_backup
A1: Date | B1: Stock | C1: Order Type (Buy/Sell) | D1: Quantity | E1: Price | F1: Status | H1: Is Duplicate?
A2: 04 AUG 2026 04:34:18 PM | B2: MOSCHIPEQ | C2: S | D2: 10 | E2: 212 | F2: Expired | H2: =IF(COUNTIFS( $B$2:$B$981, B2, $C$2:$C$981, C2, $D$2:$D$981, D2, $E$2:$E$981, E2) > 1, "Duplicate", "Unique") -> Unique
A3: 04 AUG 2026 04:34:18 PM | B3: GRSEEQ | C3: B | D3: 30 | E3: 2435 | F3: Expired | H3: =IF(COUNTIFS( $B$2:$B$981, B3, $C$2:$C$981, C3, $D$2:$D$981, D3, $E$2:$E$981, E3) > 1, "Duplicate", "Unique") -> Unique
A4: 04 AUG 2026 04:34:17 PM | B4: GRSEEQ | C4: B | D4: 30 | E4: 2460 | F4: Expired | H4: =IF(COUNTIFS( $B$2:$B$981, B4, $C$2:$C$981, C4, $D$2:$D$981, D4, $E$2:$E$981, E4) > 1, "Duplicate", "Unique") -> Unique
A5: 04 AUG 2026 04:34:17 PM | B5: GRSEEQ | C5: B | D5: 10 | E5: 2480 | F5: Expired | H5: =IF(COUNTIFS( $B$2:$B$981, B5, $C$2:$C$981, C5, $D$2:$D$981, D5, $E$2:$E$981, E5) > 1, "Duplicate", "Unique") -> Unique
A6: 04 AUG 2026 04:34:10 PM | B6: E2EEQ | C6: B | D6: 5 | E6: 516 | F6: Expired | H6: =IF(COUNTIFS( $B$2:$B$981, B6, $C$2:$C$981, C6, $D$2:$D$981, D6, $E$2:$E$981, E6) > 1, "Duplicate", "Unique") -> Unique
A7: 04 AUG 2026 04:34:07 PM | B7: SCIEQ | C7: S | D7: 40 | E7: 320.5 | F7: Expired | H7: =IF(COUNTIFS( $B$2:$B$981, B7, $C$2:$C$981, C7, $D$2:$D$981, D7, $E$2:$E$981, E7) > 1, "Duplicate", "Unique") -> Unique
A8: 04 AUG 2026 04:34:29 PM | B8: URBANCOEQ | C8: B | D8: 45 | E8: 136.15 | F8: Expired | H8: =IF(COUNTIFS( $B$2:$B$981, B8, $C$2:$C$981, C8, $D$2:$D$981, D8, $E$2:$E$981, E8) > 1, "Duplicate", "Unique") -> Unique
A9: 04 AUG 2026 04:34:07 PM | B9: ARE&MEQ | C9: B | D9: 30 | E9: 860 | F9: Expired | H9: =IF(COUNTIFS( $B$2:$B$981, B9, $C$2:$C$981, C9, $D$2:$D$981, D9, $E$2:$E$981, E9) > 1, "Duplicate", "Unique") -> Unique
A10: 04 AUG 2026 04:34:16 PM | B10: SCIEQ | C10: B | D10: 20 | E10: 281 | F10: Expired | H10: =IF(COUNTIFS( $B$2:$B$981, B10, $C$2:$C$981, C10, $D$2:$D$981, D10, $E$2:$E$981, E10) > 1, "Duplicate", "Unique") -> Unique
A11: 04 AUG 2026 04:34:15 PM | B11: SCIEQ | C11: B | D11: 20 | E11: 286 | F11: Expired | H11: =IF(COUNTIFS( $B$2:$B$981, B11, $C$2:$C$981, C11, $D$2:$D$981, D11, $E$2:$E$981, E11) > 1, "Duplicate", "Unique") -> Unique
A12: 04 AUG 2026 04:34:15 PM | B12: SCIEQ | C12: B | D12: 20 | E12: 296 | F12: Expired | H12: =IF(COUNTIFS( $B$2:$B$981, B12, $C$2:$C$981, C12, $D$2:$D$981, D12, $E$2:$E$981, E12) > 1, "Duplicate", "Unique") -> Unique
A13: 04 AUG 2026 04:34:19 PM | B13: LALPATHLABEQ | C13: B | D13: 4 | E13: 1751 | F13: Expired | H13: =IF(COUNTIFS( $B$2:$B$981, B13, $C$2:$C$981, C13, $D$2:$D$981, D13, $E$2:$E$981, E13) > 1, "Duplicate", "Unique") -> Unique
... A110: 04 AUG 2026 03:15:11 PM | B110: MCXEQ | C110: S | D110: 3 | E110: 2846 | F110: Expired | H110: =IF(COUNTIFS( $B$2:$B$981, B110, $C$2:$C$981, C110, $D$2:$D$981, D110, $E$2:$E$981, E110) > 1, "Duplicate", "Unique") -> Unique
A111: Date | B111: Stock | C111: Order Type (Buy/Sell) | D111: Quantity | E111: Price | F111: Status | H111: =IF(COUNTIFS( $B$2:$B$981, B111, $C$2:$C$981, C111, $D$2:$D$981, D111, $E$2:$E$981, E111) > 1, "Duplicate", "Unique") -> Unique
A112: 03 AUG 2026 03:29:09 PM | B112: LTEQ | C112: S | D112: 10 | E112: 4048 | F112: Expired | H112: =IF(COUNTIFS( $B$2:$B$981, B112, $C$2:$C$981, C112, $D$2:$D$981, D112, $E$2:$E$981, E112) > 1, "Duplicate", "Unique") -> Unique
A113: 03 AUG 2026 03:29:11 PM | B113: KFINTECHEQ | C113: S | D113: 10 | E113: 957 | F113: Expired | H113: =IF(COUNTIFS( $B$2:$B$981, B113, $C$2:$C$981, C113, $D$2:$D$981, D113, $E$2:$E$981, E113) > 1, "Duplicate", "Unique") -> Unique
A114: 46237.769 | B114: APOLLOTYREEQ | C114: S | D114: 40 | E114: 444 | F114: Expired | H114: =IF(COUNTIFS( $B$2:$B$981, B114, $C$2:$C$981, C114, $D$2:$D$981, D114, $E$2:$E$981, E114) > 1, "Duplicate", "Unique") -> Unique
A115: 03 AUG 2026 03:29:07 PM | B115: NAM-INDIAEQ | C115: S | D115: 15 | E115: 1186 | F115: Expired | H115: =IF(COUNTIFS( $B$2:$B$981, B115, $C$2:$C$981, C115, $D$2:$D$981, D115, $E$2:$E$981, E115) > 1, "Duplicate", "Unique") -> Unique
A116: 46234.687 | B116: APOLLOTYREEQ | C116: S | D116: 40 | E116: 448 | F116: Expired | H116: =IF(COUNTIFS( $B$2:$B$981, B116, $C$2:$C$981, C116, $D$2:$D$981, D116, $E$2:$E$981, E116) > 1, "Duplicate", "Unique") -> Unique
A117: 46237.769 | B117: IRCONEQ | C117: S | D117: 150 | E117: 134.8 | F117: Expired | H117: =IF(COUNTIFS( $B$2:$B$981, B117, $C$2:$C$981, C117, $D$2:$D$981, D117, $E$2:$E$981, E117) > 1, "Duplicate", "Unique") -> Unique
A118: 46237.691 | B118: NETWEBEQ | C118: S | D118: 2 | E118: 4720 | F118: Expired | H118: =IF(COUNTIFS( $B$2:$B$981, B118, $C$2:$C$981, C118, $D$2:$D$981, D118, $E$2:$E$981, E118) > 1, "Duplicate", "Unique") -> Unique
A119: 46237.691 | B119: GRSEEQ | C119: S | D119: 10 | E119: 2690 | F119: Expired | H119: =IF(COUNTIFS( $B$2:$B$981, B119, $C$2:$C$981, C119, $D$2:$D$981, D119, $E$2:$E$981, E119) > 1, "Duplicate", "Unique") -> Unique
A120: 46237.769 | B120: KERNEXEQ | C120: S | D120: 1 | E120: 2396 | F120: Expired | H120: =IF(COUNTIFS( $B$2:$B$981, B120, $C$2:$C$981, C120, $D$2:$D$981, D120, $E$2:$E$981, E120) > 1, "Duplicate", "Unique") -> Unique
A121: 03 AUG 2026 03:15:11 PM | B121: HDFCAMCEQ | C121: S | D121: 3 | E121: 2710 | F121: Expired | H121: =IF(COUNTIFS( $B$2:$B$981, B121, $C$2:$C$981, C121, $D$2:$D$981, D121, $E$2:$E$981, E121) > 1, "Duplicate", "Unique") -> Unique
A122: 46237.691 | B122: GRSEEQ | C122: S | D122: 10 | E122: 2720 | F122: Expired | H122: =IF(COUNTIFS( $B$2:$B$981, B122, $C$2:$C$981, C122, $D$2:$D$981, D122, $E$2:$E$981, E122) > 1, "Duplicate", "Unique") -> Unique
A123: 46237.769 | B123: SILVERBEESEQ | C123: S | D123: 50 | E123: 218 | F123: Expired | H123: =IF(COUNTIFS( $B$2:$B$981, B123, $C$2:$C$981, C123, $D$2:$D$981, D123, $E$2:$E$981, E123) > 1, "Duplicate", "Unique") -> Unique
A124: 46237.769 | B124: WAAREERTLEQ | C124: S | D124: 30 | E124: 974 | F124: Expired | H124: =IF(COUNTIFS( $B$2:$B$981, B124, $C$2:$C$981, C124, $D$2:$D$981, D124, $E$2:$E$981, E124) > 1, "Duplicate", "Unique") -> Unique
A125: 46237.769 | B125: EXIDEINDEQ | C125: S | D125: 5 | E125: 469 | F125: Expired | H125: =IF(COUNTIFS( $B$2:$B$981, B125, $C$2:$C$981, C125, $D$2:$D$981, D125, $E$2:$E$981, E125) > 1, "Duplicate", "Unique") -> Unique
A126: 46233.688 | B126: APOLLOTYREEQ | C126: S | D126: 5 | E126: 467.25 | F126: Expired | H126: =IF(COUNTIFS( $B$2:$B$981, B126, $C$2:$C$981, C126, $D$2:$D$981, D126, $E$2:$E$981, E126) > 1, "Duplicate", "Unique") -> Unique
A127: 46237.691 | B127: GRSEEQ | C127: S | D127: 10 | E127: 2770 | F127: Expired | H127: =IF(COUNTIFS( $B$2:$B$981, B127, $C$2:$C$981, C127, $D$2:$D$981, D127, $E$2:$E$981, E127) > 1, "Duplicate", "Unique") -> Unique
A128: 46234.687 | B128: RAILTELEQ | C128: S | D128: 100 | E128: 314 | F128: Expired | H128: =IF(COUNTIFS( $B$2:$B$981, B128, $C$2:$C$981, C128, $D$2:$D$981, D128, $E$2:$E$981, E128) > 1, "Duplicate", "Unique") -> Unique
A129: 03 AUG 2026 03:15:13 PM | B129: CDSLEQ | C129: S | D129: 7 | E129: 1424 | F129: Expired | H129: =IF(COUNTIFS( $B$2:$B$981, B129, $C$2:$C$981, C129, $D$2:$D$981, D129, $E$2:$E$981, E129) > 1, "Duplicate", "Unique") -> Unique
A130: 46237.769 | B130: HUDCOEQ | C130: S | D130: 25 | E130: 214 | F130: Expired | H130: =IF(COUNTIFS( $B$2:$B$981, B130, $C$2:$C$981, C130, $D$2:$D$981, D130, $E$2:$E$981, E130) > 1, "Duplicate", "Unique") -> Unique
A131: 46233.689 | B131: WAAREERTLEQ | C131: S | D131: 40 | E131: 996 | F131: Expired | H131: =IF(COUNTIFS( $B$2:$B$981, B131, $C$2:$C$981, C131, $D$2:$D$981, D131, $E$2:$E$981, E131) > 1, "Duplicate", "Unique") -> Unique
A132: 03 AUG 2026 03:15:09 PM | B132: KFINTECHEQ | C132: S | D132: 10 | E132: 1024 | F132: Expired | H132: =IF(COUNTIFS( $B$2:$B$981, B132, $C$2:$C$981, C132, $D$2:$D$981, D132, $E$2:$E$981, E132) > 1, "Duplicate", "Unique") -> Unique
A133: 46237.691 | B133: KERNEXEQ | C133: S | D133: 1 | E133: 2496 | F133: Expired | H133: =IF(COUNTIFS( $B$2:$B$981, B133, $C$2:$C$981, C133, $D$2:$D$981, D133, $E$2:$E$981, E133) > 1, "Duplicate", "Unique") -> Unique
A134: 46233.688 | B134: MOSCHIPEQ | C134: S | D134: 40 | E134: 229 | F134: Expired | H134: =IF(COUNTIFS( $B$2:$B$981, B134, $C$2:$C$981, C134, $D$2:$D$981, D134, $E$2:$E$981, E134) > 1, "Duplicate", "Unique") -> Unique
A135: 46233.688 | B135: BELEQ | C135: S | D135: 20 | E135: 424 | F135: Expired | H135: =IF(COUNTIFS( $B$2:$B$981, B135, $C$2:$C$981, C135, $D$2:$D$981, D135, $E$2:$E$981, E135) > 1, "Duplicate", "Unique") -> Unique
A136: 46234.687 | B136: RAILTELEQ | C136: S | D136: 100 | E136: 319 | F136: Expired | H136: =IF(COUNTIFS( $B$2:$B$981, B136, $C$2:$C$981, C136, $D$2:$D$981, D136, $E$2:$E$981, E136) > 1, "Duplicate", "Unique") -> Unique
A137: 46234.687 | B137: RAILTELEQ | C137: S | D137: 150 | E137: 323 | F137: Expired | H137: =IF(COUNTIFS( $B$2:$B$981, B137, $C$2:$C$981, C137, $D$2:$D$981, D137, $E$2:$E$981, E137) > 1, "Duplicate", "Unique") -> Unique
A138: 46234.688 | B138: VBLEQ | C138: S | D138: 35 | E138: 494 | F138: Expired | H138: =IF(COUNTIFS( $B$2:$B$981, B138, $C$2:$C$981, C138, $D$2:$D$981, D138, $E$2:$E$981, E138) > 1, "Duplicate", "Unique") -> Unique
A139: 46237.769 | B139: SENCOEQ | C139: S | D139: 5 | E139: 435 | F139: Expired | H139: =IF(COUNTIFS( $B$2:$B$981, B139, $C$2:$C$981, C139, $D$2:$D$981, D139, $E$2:$E$981, E139) > 1, "Duplicate", "Unique") -> Unique
A140: 46237.691 | B140: MOSCHIPEQ | C140: B | D140: 100 | E140: 208 | F140: Expired | H140: =IF(COUNTIFS( $B$2:$B$981, B140, $C$2:$C$981, C140, $D$2:$D$981, D140, $E$2:$E$981, E140) > 1, "Duplicate", "Unique") -> Unique
A141: 46237.769 | B141: GRSEEQ | C141: B | D141: 10 | E141: 2553 | F141: Expired | H141: =IF(COUNTIFS( $B$2:$B$981, B141, $C$2:$C$981, C141, $D$2:$D$981, D141, $E$2:$E$981, E141) > 1, "Duplicate", "Unique") -> Unique
A142: 03 AUG 2026 03:15:14 PM | B142: IRFCEQ | C142: B | D142: 200 | E142: 88.85 | F142: Expired | H142: =IF(COUNTIFS( $B$2:$B$981, B142, $C$2:$C$981, C142, $D$2:$D$981, D142, $E$2:$E$981, E142) > 1, "Duplicate", "Unique") -> Unique
A143: 03 AUG 2026 03:15:14 PM | B143: IREDAEQ | C143: B | D143: 150 | E143: 120.45 | F143: Expired | H143: =IF(COUNTIFS( $B$2:$B$981, B143, $C$2:$C$981, C143, $D$2:$D$981, D143, $E$2:$E$981, E143) > 1, "Duplicate", "Unique") -> Unique
A144: 03 AUG 2026 03:29:14 PM | B144: MCXEQ | C144: B | D144: 2 | E144: 2560 | F144: Expired | H144: =IF(COUNTIFS( $B$2:$B$981, B144, $C$2:$C$981, C144, $D$2:$D$981, D144, $E$2:$E$981, E144) > 1, "Duplicate", "Unique") -> Unique
A145: 46237.691 | B145: GRSEEQ | C145: B | D145: 5 | E145: 2506 | F145: Expired | H145: =IF(COUNTIFS( $B$2:$B$981, B145, $C$2:$C$981, C145, $D$2:$D$981, D145, $E$2:$E$981, E145) > 1, "Duplicate", "Unique") -> Unique
A146: 46233.688 | B146: GRSEEQ | C146: B | D146: 5 | E146: 2502 | F146: Expired | H146: =IF(COUNTIFS( $B$2:$B$981, B146, $C$2:$C$981, C146, $D$2:$D$981, D146, $E$2:$E$981, E146) > 1, "Duplicate", "Unique") -> Unique
A147: 03 AUG 2026 03:15:14 PM | B147: IRFCEQ | C147: B | D147: 100 | E147: 87.3 | F147: Expired | H147: =IF(COUNTIFS( $B$2:$B$981, B147, $C$2:$C$981, C147, $D$2:$D$981, D147, $E$2:$E$981, E147) > 1, "Duplicate", "Unique") -> Unique
A148: 03 AUG 2026 03:15:10 PM | B148: LTEQ | C148: B | D148: 2 | E148: 3856 | F148: Expired | H148: =IF(COUNTIFS( $B$2:$B$981, B148, $C$2:$C$981, C148, $D$2:$D$981, D148, $E$2:$E$981, E148) > 1, "Duplicate", "Unique") -> Unique
A149: 46237.769 | B149: IGILEQ | C149: B | D149: 50 | E149: 352 | F149: Expired | H149: =IF(COUNTIFS( $B$2:$B$981, B149, $C$2:$C$981, C149, $D$2:$D$981, D149, $E$2:$E$981, E149) > 1, "Duplicate", "Unique") -> Unique
A150: 03 AUG 2026 03:15:10 PM | B150: LTEQ | C150: B | D150: 2 | E150: 3830 | F150: Expired | H150: =IF(COUNTIFS( $B$2:$B$981, B150, $C$2:$C$981, C150, $D$2:$D$981, D150, $E$2:$E$981, E150) > 1, "Duplicate", "Unique") -> Unique
A151: 03 AUG 2026 03:15:13 PM | B151: INDHOTELEQ | C151: B | D151: 5 | E151: 712 | F151: Expired | H151: =IF(COUNTIFS( $B$2:$B$981, B151, $C$2:$C$981, C151, $D$2:$D$981, D151, $E$2:$E$981, E151) > 1, "Duplicate", "Unique") -> Unique
A152: 46233.688 | B152: LTEQ | C152: B | D152: 3 | E152: 3810 | F152: Expired | H152: =IF(COUNTIFS( $B$2:$B$981, B152, $C$2:$C$981, C152, $D$2:$D$981, D152, $E$2:$E$981, E152) > 1, "Duplicate", "Unique") -> Unique
A153: 46234.688 | B153: GRSEEQ | C153: B | D153: 10 | E153: 2460 | F153: Expired | H153: =IF(COUNTIFS( $B$2:$B$981, B153, $C$2:$C$981, C153, $D$2:$D$981, D153, $E$2:$E$981, E153) > 1, "Duplicate", "Unique") -> Unique
A154: 03 AUG 2026 03:15:12 PM | B154: TRENTEQ | C154: B | D154: 5 | E154: 2888 | F154: Expired | H154: =IF(COUNTIFS( $B$2:$B$981, B154, $C$2:$C$981, C154, $D$2:$D$981, D154, $E$2:$E$981, E154) > 1, "Duplicate", "Unique") -> Unique
A155: 03 AUG 2026 03:15:10 PM | B155: HALEQ | C155: B | D155: 15 | E155: 4415 | F155: Expired | H155: =IF(COUNTIFS( $B$2:$B$981, B155, $C$2:$C$981, C155, $D$2:$D$981, D155, $E$2:$E$981, E155) > 1, "Duplicate", "Unique") -> Unique
A156: 46237.691 | B156: PRINCEPIPEEQ | C156: B | D156: 10 | E156: 251 | F156: Expired | H156: =IF(COUNTIFS( $B$2:$B$981, B156, $C$2:$C$981, C156, $D$2:$D$981, D156, $E$2:$E$981, E156) > 1, "Duplicate", "Unique") -> Unique
A157: 46237.691 | B157: GOLDBEESEQ | C157: B | D157: 100 | E157: 111 | F157: Expired | H157: =IF(COUNTIFS( $B$2:$B$981, B157, $C$2:$C$981, C157, $D$2:$D$981, D157, $E$2:$E$981, E157) > 1, "Duplicate", "Unique") -> Unique
A158: 03 AUG 2026 03:15:12 PM | B158: TVSMOTOREQ | C158: B | D158: 1 | E158: 4110 | F158: Expired | H158: =IF(COUNTIFS( $B$2:$B$981, B158, $C$2:$C$981, C158, $D$2:$D$981, D158, $E$2:$E$981, E158) > 1, "Duplicate", "Unique") -> Unique
A159: 03 AUG 2026 03:15:09 PM | B159: RVNLEQ | C159: B | D159: 20 | E159: 220.1 | F159: Expired | H159: =IF(COUNTIFS( $B$2:$B$981, B159, $C$2:$C$981, C159, $D$2:$D$981, D159, $E$2:$E$981, E159) > 1, "Duplicate", "Unique") -> Unique
A160: 03 AUG 2026 03:15:10 PM | B160: SOLARINDSEQ | C160: B | D160: 1 | E160: 17552 | F160: Expired | H160: =IF(COUNTIFS( $B$2:$B$981, B160, $C$2:$C$981, C160, $D$2:$D$981, D160, $E$2:$E$981, E160) > 1, "Duplicate", "Unique") -> Unique
A161: 46233.688 | B161: INDHOTELEQ | C161: B | D161: 5 | E161: 702 | F161: Expired | H161: =IF(COUNTIFS( $B$2:$B$981, B161, $C$2:$C$981, C161, $D$2:$D$981, D161, $E$2:$E$981, E161) > 1, "Duplicate", "Unique") -> Unique
A162: 46233.688 | B162: LTEQ | C162: B | D162: 2 | E162: 3760 | F162: Expired | H162: =IF(COUNTIFS( $B$2:$B$981, B162, $C$2:$C$981, C162, $D$2:$D$981, D162, $E$2:$E$981, E162) > 1, "Duplicate", "Unique") -> Unique
A163: 46234.688 | B163: BSEEQ | C163: B | D163: 1 | E163: 3360 | F163: Expired | H163: =IF(COUNTIFS( $B$2:$B$981, B163, $C$2:$C$981, C163, $D$2:$D$981, D163, $E$2:$E$981, E163) > 1, "Duplicate", "Unique") -> Unique
A164: 46234.688 | B164: SENCOEQ | C164: B | D164: 25 | E164: 352 | F164: Expired | H164: =IF(COUNTIFS( $B$2:$B$981, B164, $C$2:$C$981, C164, $D$2:$D$981, D164, $E$2:$E$981, E164) > 1, "Duplicate", "Unique") -> Unique
A165: 46233.688 | B165: TVSMOTOREQ | C165: B | D165: 2 | E165: 4060 | F165: Expired | H165: =IF(COUNTIFS( $B$2:$B$981, B165, $C$2:$C$981, C165, $D$2:$D$981, D165, $E$2:$E$981, E165) > 1, "Duplicate", "Unique") -> Unique
A166: 03 AUG 2026 03:15:10 PM | B166: BAJFINANCEEQ | C166: B | D166: 4 | E166: 1066 | F166: Expired | H166: =IF(COUNTIFS( $B$2:$B$981, B166, $C$2:$C$981, C166, $D$2:$D$981, D166, $E$2:$E$981, E166) > 1, "Duplicate", "Unique") -> Unique
A167: 46233.688 | B167: TVSMOTOREQ | C167: B | D167: 2 | E167: 4010 | F167: Expired | H167: =IF(COUNTIFS( $B$2:$B$981, B167, $C$2:$C$981, C167, $D$2:$D$981, D167, $E$2:$E$981, E167) > 1, "Duplicate", "Unique") -> Unique
A168: 03 AUG 2026 03:15:11 PM | B168: TCSEQ | C168: B | D168: 9 | E168: 2251 | F168: Expired | H168: =IF(COUNTIFS( $B$2:$B$981, B168, $C$2:$C$981, C168, $D$2:$D$981, D168, $E$2:$E$981, E168) > 1, "Duplicate", "Unique") -> Unique
A169: 46237.69 | B169: ARE&MEQ | C169: B | D169: 5 | E169: 852 | F169: Expired | H169: =IF(COUNTIFS( $B$2:$B$981, B169, $C$2:$C$981, C169, $D$2:$D$981, D169, $E$2:$E$981, E169) > 1, "Duplicate", "Unique") -> Unique
A170: 46237.691 | B170: NETWEBEQ | C170: B | D170: 1 | E170: 4164 | F170: Expired | H170: =IF(COUNTIFS( $B$2:$B$981, B170, $C$2:$C$981, C170, $D$2:$D$981, D170, $E$2:$E$981, E170) > 1, "Duplicate", "Unique") -> Unique
A171: 46237.769 | B171: TMCVEQ | C171: B | D171: 7 | E171: 411 | F171: Expired | H171: =IF(COUNTIFS( $B$2:$B$981, B171, $C$2:$C$981, C171, $D$2:$D$981, D171, $E$2:$E$981, E171) > 1, "Duplicate", "Unique") -> Unique
A172: 46237.69 | B172: EXIDEINDEQ | C172: B | D172: 29 | E172: 401 | F172: Expired | H172: =IF(COUNTIFS( $B$2:$B$981, B172, $C$2:$C$981, C172, $D$2:$D$981, D172, $E$2:$E$981, E172) > 1, "Duplicate", "Unique") -> Unique
A173: 46237.769 | B173: IGILEQ | C173: B | D173: 100 | E173: 331 | F173: Expired | H173: =IF(COUNTIFS( $B$2:$B$981, B173, $C$2:$C$981, C173, $D$2:$D$981, D173, $E$2:$E$981, E173) > 1, "Duplicate", "Unique") -> Unique
A174: 46237.769 | B174: E2EEQ | C174: B | D174: 15 | E174: 492 | F174: Expired | H174: =IF(COUNTIFS( $B$2:$B$981, B174, $C$2:$C$981, C174, $D$2:$D$981, D174, $E$2:$E$981, E174) > 1, "Duplicate", "Unique") -> Unique
A175: 03 AUG 2026 03:15:07 PM | B175: ABBEQ | C175: B | D175: 1 | E175: 6920 | F175: Expired | H175: =IF(COUNTIFS( $B$2:$B$981, B175, $C$2:$C$981, C175, $D$2:$D$981, D175, $E$2:$E$981, E175) > 1, "Duplicate", "Unique") -> Unique
A176: 46237.769 | B176: ITBEESEQ | C176: B | D176: 200 | E176: 31.01 | F176: Expired | H176: =IF(COUNTIFS( $B$2:$B$981, B176, $C$2:$C$981, C176, $D$2:$D$981, D176, $E$2:$E$981, E176) > 1, "Duplicate", "Unique") -> Unique
A177: 46237.769 | B177: KERNEXEQ | C177: B | D177: 1 | E177: 2064 | F177: Expired | H177: =IF(COUNTIFS( $B$2:$B$981, B177, $C$2:$C$981, C177, $D$2:$D$981, D177, $E$2:$E$981, E177) > 1, "Duplicate", "Unique") -> Unique
A178: 03 AUG 2026 03:15:10 PM | B178: SONACOMSEQ | C178: B | D178: 4 | E178: 701 | F178: Expired | H178: =IF(COUNTIFS( $B$2:$B$981, B178, $C$2:$C$981, C178, $D$2:$D$981, D178, $E$2:$E$981, E178) > 1, "Duplicate", "Unique") -> Unique
A179: 46237.769 | B179: IGILEQ | C179: B | D179: 100 | E179: 327 | F179: Expired | H179: =IF(COUNTIFS( $B$2:$B$981, B179, $C$2:$C$981, C179, $D$2:$D$981, D179, $E$2:$E$981, E179) > 1, "Duplicate", "Unique") -> Unique
A180: 46237.769 | B180: IGILEQ | C180: B | D180: 100 | E180: 322 | F180: Expired | H180: =IF(COUNTIFS( $B$2:$B$981, B180, $C$2:$C$981, C180, $D$2:$D$981, D180, $E$2:$E$981, E180) > 1, "Duplicate", "Unique") -> Unique
A181: 46234.688 | B181: NETWEBEQ | C181: B | D181: 1 | E181: 4014 | F181: Expired | H181: =IF(COUNTIFS( $B$2:$B$981, B181, $C$2:$C$981, C181, $D$2:$D$981, D181, $E$2:$E$981, E181) > 1, "Duplicate", "Unique") -> Unique
A182: 46234.688 | B182: E2EEQ | C182: B | D182: 10 | E182: 468 | F182: Expired | H182: =IF(COUNTIFS( $B$2:$B$981, B182, $C$2:$C$981, C182, $D$2:$D$981, D182, $E$2:$E$981, E182) > 1, "Duplicate", "Unique") -> Unique
A183: 46233.688 | B183: KERNEXEQ | C183: B | D183: 1 | E183: 1964 | F183: Expired | H183: =IF(COUNTIFS( $B$2:$B$981, B183, $C$2:$C$981, C183, $D$2:$D$981, D183, $E$2:$E$981, E183) > 1, "Duplicate", "Unique") -> Unique
A184: 46234.688 | B184: NETWEBEQ | C184: B | D184: 1 | E184: 3914 | F184: Expired | H184: =IF(COUNTIFS( $B$2:$B$981, B184, $C$2:$C$981, C184, $D$2:$D$981, D184, $E$2:$E$981, E184) > 1, "Duplicate", "Unique") -> Unique
A185: 03 AUG 2026 03:29:15 PM | B185: IREDAEQ | C185: S | D185: 150 | E185: 125.9 | F185: Expired | H185: =IF(COUNTIFS( $B$2:$B$981, B185, $C$2:$C$981, C185, $D$2:$D$981, D185, $E$2:$E$981, E185) > 1, "Duplicate", "Unique") -> Unique

Sheet Backup
A1: Date | B1: Stock | C1: Order Type (Buy/Sell) | D1: Quantity | E1: Price | F1: Status | H1: Is Duplicate?
A2: 04 AUG 2026 04:34:18 PM | B2: MOSCHIPEQ | C2: S | D2: 10 | E2: 212 | F2: Expired | H2: =IF(COUNTIFS( $B$2:$B$1000, B2, $C$2:$C$1000, C2, $D$2:$D$1000, D2, $E$2:$E$1000, E2) > 1, "Duplicate", "Unique") -> Unique
A3: 04 AUG 2026 04:34:18 PM | B3: GRSEEQ | C3: B | D3: 30 | E3: 2435 | F3: Expired | H3: =IF(COUNTIFS( $B$2:$B$1000, B3, $C$2:$C$1000, C3, $D$2:$D$1000, D3, $E$2:$E$1000, E3) > 1, "Duplicate", "Unique") -> Unique
A4: 04 AUG 2026 04:34:17 PM | B4: GRSEEQ | C4: B | D4: 30 | E4: 2460 | F4: Expired | H4: =IF(COUNTIFS( $B$2:$B$1000, B4, $C$2:$C$1000, C4, $D$2:$D$1000, D4, $E$2:$E$1000, E4) > 1, "Duplicate", "Unique") -> Unique
A5: 04 AUG 2026 04:34:17 PM | B5: GRSEEQ | C5: B | D5: 10 | E5: 2480 | F5: Expired | H5: =IF(COUNTIFS( $B$2:$B$1000, B5, $C$2:$C$1000, C5, $D$2:$D$1000, D5, $E$2:$E$1000, E5) > 1, "Duplicate", "Unique") -> Unique
A6: 04 AUG 2026 04:34:10 PM | B6: E2EEQ | C6: B | D6: 5 | E6: 516 | F6: Expired | H6: =IF(COUNTIFS( $B$2:$B$1000, B6, $C$2:$C$1000, C6, $D$2:$D$1000, D6, $E$2:$E$1000, E6) > 1, "Duplicate", "Unique") -> Unique
A7: 04 AUG 2026 04:34:07 PM | B7: SCIEQ | C7: S | D7: 40 | E7: 320.5 | F7: Expired | H7: =IF(COUNTIFS( $B$2:$B$1000, B7, $C$2:$C$1000, C7, $D$2:$D$1000, D7, $E$2:$E$1000, E7) > 1, "Duplicate", "Unique") -> Unique
A8: 04 AUG 2026 04:34:29 PM | B8: URBANCOEQ | C8: B | D8: 45 | E8: 136.15 | F8: Expired | H8: =IF(COUNTIFS( $B$2:$B$1000, B8, $C$2:$C$1000, C8, $D$2:$D$1000, D8, $E$2:$E$1000, E8) > 1, "Duplicate", "Unique") -> Unique
A9: 04 AUG 2026 04:34:07 PM | B9: ARE&MEQ | C9: B | D9: 30 | E9: 860 | F9: Expired | H9: =IF(COUNTIFS( $B$2:$B$1000, B9, $C$2:$C$1000, C9, $D$2:$D$1000, D9, $E$2:$E$1000, E9) > 1, "Duplicate", "Unique") -> Unique
A10: 04 AUG 2026 04:34:16 PM | B10: SCIEQ | C10: B | D10: 20 | E10: 281 | F10: Expired | H10: =IF(COUNTIFS( $B$2:$B$1000, B10, $C$2:$C$1000, C10, $D$2:$D$1000, D10, $E$2:$E$1000, E10) > 1, "Duplicate", "Unique") -> Unique
A11: 04 AUG 2026 04:34:15 PM | B11: SCIEQ | C11: B | D11: 20 | E11: 286 | F11: Expired | H11: =IF(COUNTIFS( $B$2:$B$1000, B11, $C$2:$C$1000, C11, $D$2:$D$1000, D11, $E$2:$E$1000, E11) > 1, "Duplicate", "Unique") -> Unique
A12: 04 AUG 2026 04:34:15 PM | B12: SCIEQ | C12: B | D12: 20 | E12: 296 | F12: Expired | H12: =IF(COUNTIFS( $B$2:$B$1000, B12, $C$2:$C$1000, C12, $D$2:$D$1000, D12, $E$2:$E$1000, E12) > 1, "Duplicate", "Unique") -> Unique
A13: 04 AUG 2026 04:34:19 PM | B13: LALPATHLABEQ | C13: B | D13: 4 | E13: 1751 | F13: Expired | H13: =IF(COUNTIFS( $B$2:$B$1000, B13, $C$2:$C$1000, C13, $D$2:$D$1000, D13, $E$2:$E$1000, E13) > 1, "Duplicate", "Unique") -> Unique
... A47: 04 AUG 2026 04:34:26 PM | B47: WAAREERTLEQ | C47: S | D47: 5 | E47: 1002 | F47: Expired | H47: =IF(COUNTIFS( $B$2:$B$1000, B47, $C$2:$C$1000, C47, $D$2:$D$1000, D47, $E$2:$E$1000, E47) > 1, "Duplicate", "Unique") -> Unique
A48: Date | B48: Stock | C48: Order Type (Buy/Sell) | D48: Quantity | E48: Price | F48: Status | H48: =IF(COUNTIFS( $B$2:$B$1000, B48, $C$2:$C$1000, C48, $D$2:$D$1000, D48, $E$2:$E$1000, E48) > 1, "Duplicate", "Unique") -> Duplicate
A49: 04 AUG 2026 03:15:10 PM | B49: HALEQ | C49: S | D49: 1 | E49: 4890 | F49: Expired | H49: =IF(COUNTIFS( $B$2:$B$1000, B49, $C$2:$C$1000, C49, $D$2:$D$1000, D49, $E$2:$E$1000, E49) > 1, "Duplicate", "Unique") -> Unique
A50: 04 AUG 2026 03:15:10 PM | B50: LTEQ | C50: S | D50: 5 | E50: 4177 | F50: Expired | H50: =IF(COUNTIFS( $B$2:$B$1000, B50, $C$2:$C$1000, C50, $D$2:$D$1000, D50, $E$2:$E$1000, E50) > 1, "Duplicate", "Unique") -> Unique
A51: 04 AUG 2026 03:15:10 PM | B51: LTEQ | C51: S | D51: 5 | E51: 4129 | F51: Expired | H51: =IF(COUNTIFS( $B$2:$B$1000, B51, $C$2:$C$1000, C51, $D$2:$D$1000, D51, $E$2:$E$1000, E51) > 1, "Duplicate", "Unique") -> Unique
A52: 04 AUG 2026 03:15:12 PM | B52: BSEEQ | C52: S | D52: 1 | E52: 3810 | F52: Expired | H52: =IF(COUNTIFS( $B$2:$B$1000, B52, $C$2:$C$1000, C52, $D$2:$D$1000, D52, $E$2:$E$1000, E52) > 1, "Duplicate", "Unique") -> Unique
A53: 04 AUG 2026 03:28:27 PM | B53: LTEQ | C53: B | D53: 10 | E53: 3950 | F53: Expired | H53: =IF(COUNTIFS( $B$2:$B$1000, B53, $C$2:$C$1000, C53, $D$2:$D$1000, D53, $E$2:$E$1000, E53) > 1, "Duplicate", "Unique") -> Unique
A54: 04 AUG 2026 03:28:24 PM | B54: KFINTECHEQ | C54: B | D54: 10 | E54: 927 | F54: Expired | H54: =IF(COUNTIFS( $B$2:$B$1000, B54, $C$2:$C$1000, C54, $D$2:$D$1000, D54, $E$2:$E$1000, E54) > 1, "Duplicate", "Unique") -> Unique
A55: 04 AUG 2026 03:15:12 PM | B55: TRENTEQ | C55: S | D55: 3 | E55: 3341 | F55: Expired | H55: =IF(COUNTIFS( $B$2:$B$1000, B55, $C$2:$C$1000, C55, $D$2:$D$1000, D55, $E$2:$E$1000, E55) > 1, "Duplicate", "Unique") -> Unique
A56: 04 AUG 2026 03:28:23 PM | B56: SBINEQ | C56: B | D56: 15 | E56: 1005 | F56: Expired | H56: =IF(COUNTIFS( $B$2:$B$1000, B56, $C$2:$C$1000, C56, $D$2:$D$1000, D56, $E$2:$E$1000, E56) > 1, "Duplicate", "Unique") -> Unique
A57: 04 AUG 2026 03:28:23 PM | B57: CAMSEQ | C57: B | D57: 20 | E57: 793 | F57: Expired | H57: =IF(COUNTIFS( $B$2:$B$1000, B57, $C$2:$C$1000, C57, $D$2:$D$1000, D57, $E$2:$E$1000, E57) > 1, "Duplicate", "Unique") -> Unique
A58: 04 AUG 2026 03:15:11 PM | B58: BDLEQ | C58: S | D58: 10 | E58: 1324 | F58: Expired | H58: =IF(COUNTIFS( $B$2:$B$1000, B58, $C$2:$C$1000, C58, $D$2:$D$1000, D58, $E$2:$E$1000, E58) > 1, "Duplicate", "Unique") -> Unique
A59: 04 AUG 2026 03:28:27 PM | B59: COCHINSHIPEQ | C59: B | D59: 10 | E59: 1410 | F59: Expired | H59: =IF(COUNTIFS( $B$2:$B$1000, B59, $C$2:$C$1000, C59, $D$2:$D$1000, D59, $E$2:$E$1000, E59) > 1, "Duplicate", "Unique") -> Unique
A60: 04 AUG 2026 03:15:09 PM | B60: RVNLEQ | C60: B | D60: 200 | E60: 230.1 | F60: Expired | H60: =IF(COUNTIFS( $B$2:$B$1000, B60, $C$2:$C$1000, C60, $D$2:$D$1000, D60, $E$2:$E$1000, E60) > 1, "Duplicate", "Unique") -> Unique
... A111: 04 AUG 2026 03:15:11 PM | B111: MCXEQ | C111: S | D111: 3 | E111: 2846 | F111: Expired | H111: =IF(COUNTIFS( $B$2:$B$1000, B111, $C$2:$C$1000, C111, $D$2:$D$1000, D111, $E$2:$E$1000, E111) > 1, "Duplicate", "Unique") -> Unique
A112: Date | B112: Stock | C112: Order Type (Buy/Sell) | D112: Quantity | E112: Price | F112: Status | H112: =IF(COUNTIFS( $B$2:$B$1000, B112, $C$2:$C$1000, C112, $D$2:$D$1000, D112, $E$2:$E$1000, E112) > 1, "Duplicate", "Unique") -> Duplicate
A113: 03 AUG 2026 03:29:09 PM | B113: LTEQ | C113: S | D113: 10 | E113: 4048 | F113: Expired | H113: =IF(COUNTIFS( $B$2:$B$1000, B113, $C$2:$C$1000, C113, $D$2:$D$1000, D113, $E$2:$E$1000, E113) > 1, "Duplicate", "Unique") -> Unique
A114: 03 AUG 2026 03:29:11 PM | B114: KFINTECHEQ | C114: S | D114: 10 | E114: 957 | F114: Expired | H114: =IF(COUNTIFS( $B$2:$B$1000, B114, $C$2:$C$1000, C114, $D$2:$D$1000, D114, $E$2:$E$1000, E114) > 1, "Duplicate", "Unique") -> Unique
A115: 46237.769 | B115: APOLLOTYREEQ | C115: S | D115: 40 | E115: 444 | F115: Expired | H115: =IF(COUNTIFS( $B$2:$B$1000, B115, $C$2:$C$1000, C115, $D$2:$D$1000, D115, $E$2:$E$1000, E115) > 1, "Duplicate", "Unique") -> Unique
A116: 03 AUG 2026 03:29:07 PM | B116: NAM-INDIAEQ | C116: S | D116: 15 | E116: 1186 | F116: Expired | H116: =IF(COUNTIFS( $B$2:$B$1000, B116, $C$2:$C$1000, C116, $D$2:$D$1000, D116, $E$2:$E$1000, E116) > 1, "Duplicate", "Unique") -> Unique
A117: 46234.687 | B117: APOLLOTYREEQ | C117: S | D117: 40 | E117: 448 | F117: Expired | H117: =IF(COUNTIFS( $B$2:$B$1000, B117, $C$2:$C$1000, C117, $D$2:$D$1000, D117, $E$2:$E$1000, E117) > 1, "Duplicate", "Unique") -> Unique
A118: 46237.769 | B118: IRCONEQ | C118: S | D118: 150 | E118: 134.8 | F118: Expired | H118: =IF(COUNTIFS( $B$2:$B$1000, B118, $C$2:$C$1000, C118, $D$2:$D$1000, D118, $E$2:$E$1000, E118) > 1, "Duplicate", "Unique") -> Unique
A119: 46237.691 | B119: NETWEBEQ | C119: S | D119: 2 | E119: 4720 | F119: Expired | H119: =IF(COUNTIFS( $B$2:$B$1000, B119, $C$2:$C$1000, C119, $D$2:$D$1000, D119, $E$2:$E$1000, E119) > 1, "Duplicate", "Unique") -> Unique
A120: 46237.691 | B120: GRSEEQ | C120: S | D120: 10 | E120: 2690 | F120: Expired | H120: =IF(COUNTIFS( $B$2:$B$1000, B120, $C$2:$C$1000, C120, $D$2:$D$1000, D120, $E$2:$E$1000, E120) > 1, "Duplicate", "Unique") -> Unique
A121: 46237.769 | B121: KERNEXEQ | C121: S | D121: 1 | E121: 2396 | F121: Expired | H121: =IF(COUNTIFS( $B$2:$B$1000, B121, $C$2:$C$1000, C121, $D$2:$D$1000, D121, $E$2:$E$1000, E121) > 1, "Duplicate", "Unique") -> Unique
A122: 46234.688 | B122: CAMSEQ | C122: S | D122: 20 | E122: 836 | F122: Expired | H122: =IF(COUNTIFS( $B$2:$B$1000, B122, $C$2:$C$1000, C122, $D$2:$D$1000, D122, $E$2:$E$1000, E122) > 1, "Duplicate", "Unique") -> Duplicate
A123: 03 AUG 2026 03:15:13 PM | B123: CAMSEQ | C123: S | D123: 20 | E123: 836 | F123: Expired | H123: =IF(COUNTIFS( $B$2:$B$1000, B123, $C$2:$C$1000, C123, $D$2:$D$1000, D123, $E$2:$E$1000, E123) > 1, "Duplicate", "Unique") -> Duplicate
A124: 46233.688 | B124: CGPOWEREQ | C124: S | D124: 45 | E124: 896 | F124: Expired | H124: =IF(COUNTIFS( $B$2:$B$1000, B124, $C$2:$C$1000, C124, $D$2:$D$1000, D124, $E$2:$E$1000, E124) > 1, "Duplicate", "Unique") -> Duplicate
A125: 03 AUG 2026 03:15:13 PM | B125: CGPOWEREQ | C125: S | D125: 45 | E125: 896 | F125: Expired | H125: =IF(COUNTIFS( $B$2:$B$1000, B125, $C$2:$C$1000, C125, $D$2:$D$1000, D125, $E$2:$E$1000, E125) > 1, "Duplicate", "Unique") -> Duplicate
A126: 46233.688 | B126: HDFCAMCEQ | C126: S | D126: 3 | E126: 2710 | F126: Expired | H126: =IF(COUNTIFS( $B$2:$B$1000, B126, $C$2:$C$1000, C126, $D$2:$D$1000, D126, $E$2:$E$1000, E126) > 1, "Duplicate", "Unique") -> Duplicate
A127: 03 AUG 2026 03:15:11 PM | B127: HDFCAMCEQ | C127: S | D127: 3 | E127: 2710 | F127: Expired | H127: =IF(COUNTIFS( $B$2:$B$1000, B127, $C$2:$C$1000, C127, $D$2:$D$1000, D127, $E$2:$E$1000, E127) > 1, "Duplicate", "Unique") -> Duplicate
A128: 46237.691 | B128: GRSEEQ | C128: S | D128: 10 | E128: 2720 | F128: Expired | H128: =IF(COUNTIFS( $B$2:$B$1000, B128, $C$2:$C$1000, C128, $D$2:$D$1000, D128, $E$2:$E$1000, E128) > 1, "Duplicate", "Unique") -> Unique
A129: 46237.769 | B129: SILVERBEESEQ | C129: S | D129: 50 | E129: 218 | F129: Expired | H129: =IF(COUNTIFS( $B$2:$B$1000, B129, $C$2:$C$1000, C129, $D$2:$D$1000, D129, $E$2:$E$1000, E129) > 1, "Duplicate", "Unique") -> Unique
A130: 46237.769 | B130: WAAREERTLEQ | C130: S | D130: 30 | E130: 974 | F130: Expired | H130: =IF(COUNTIFS( $B$2:$B$1000, B130, $C$2:$C$1000, C130, $D$2:$D$1000, D130, $E$2:$E$1000, E130) > 1, "Duplicate", "Unique") -> Unique
A131: 46237.769 | B131: EXIDEINDEQ | C131: S | D131: 5 | E131: 469 | F131: Expired | H131: =IF(COUNTIFS( $B$2:$B$1000, B131, $C$2:$C$1000, C131, $D$2:$D$1000, D131, $E$2:$E$1000, E131) > 1, "Duplicate", "Unique") -> Unique
A132: 46234.688 | B132: BSEEQ | C132: S | D132: 1 | E132: 3804 | F132: Expired | H132: =IF(COUNTIFS( $B$2:$B$1000, B132, $C$2:$C$1000, C132, $D$2:$D$1000, D132, $E$2:$E$1000, E132) > 1, "Duplicate", "Unique") -> Duplicate
A133: 03 AUG 2026 03:15:13 PM | B133: BSEEQ | C133: S | D133: 1 | E133: 3804 | F133: Expired | H133: =IF(COUNTIFS( $B$2:$B$1000, B133, $C$2:$C$1000, C133, $D$2:$D$1000, D133, $E$2:$E$1000, E133) > 1, "Duplicate", "Unique") -> Duplicate
A134: 46233.688 | B134: APOLLOTYREEQ | C134: S | D134: 5 | E134: 467.25 | F134: Expired | H134: =IF(COUNTIFS( $B$2:$B$1000, B134, $C$2:$C$1000, C134, $D$2:$D$1000, D134, $E$2:$E$1000, E134) > 1, "Duplicate", "Unique") -> Unique
A135: 46237.691 | B135: GRSEEQ | C135: S | D135: 10 | E135: 2770 | F135: Expired | H135: =IF(COUNTIFS( $B$2:$B$1000, B135, $C$2:$C$1000, C135, $D$2:$D$1000, D135, $E$2:$E$1000, E135) > 1, "Duplicate", "Unique") -> Unique
A136: 46234.687 | B136: RAILTELEQ | C136: S | D136: 100 | E136: 314 | F136: Expired | H136: =IF(COUNTIFS( $B$2:$B$1000, B136, $C$2:$C$1000, C136, $D$2:$D$1000, D136, $E$2:$E$1000, E136) > 1, "Duplicate", "Unique") -> Unique
A137: 46233.688 | B137: CDSLEQ | C137: S | D137: 7 | E137: 1424 | F137: Expired | H137: =IF(COUNTIFS( $B$2:$B$1000, B137, $C$2:$C$1000, C137, $D$2:$D$1000, D137, $E$2:$E$1000, E137) > 1, "Duplicate", "Unique") -> Duplicate
A138: 03 AUG 2026 03:15:13 PM | B138: CDSLEQ | C138: S | D138: 7 | E138: 1424 | F138: Expired | H138: =IF(COUNTIFS( $B$2:$B$1000, B138, $C$2:$C$1000, C138, $D$2:$D$1000, D138, $E$2:$E$1000, E138) > 1, "Duplicate", "Unique") -> Duplicate
A139: 46237.769 | B139: HUDCOEQ | C139: S | D139: 25 | E139: 214 | F139: Expired | H139: =IF(COUNTIFS( $B$2:$B$1000, B139, $C$2:$C$1000, C139, $D$2:$D$1000, D139, $E$2:$E$1000, E139) > 1, "Duplicate", "Unique") -> Unique
A140: 46233.689 | B140: WAAREERTLEQ | C140: S | D140: 40 | E140: 996 | F140: Expired | H140: =IF(COUNTIFS( $B$2:$B$1000, B140, $C$2:$C$1000, C140, $D$2:$D$1000, D140, $E$2:$E$1000, E140) > 1, "Duplicate", "Unique") -> Unique
A141: 46233.688 | B141: KFINTECHEQ | C141: S | D141: 10 | E141: 1024 | F141: Expired | H141: =IF(COUNTIFS( $B$2:$B$1000, B141, $C$2:$C$1000, C141, $D$2:$D$1000, D141, $E$2:$E$1000, E141) > 1, "Duplicate", "Unique") -> Duplicate
A142: 03 AUG 2026 03:15:09 PM | B142: KFINTECHEQ | C142: S | D142: 10 | E142: 1024 | F142: Expired | H142: =IF(COUNTIFS( $B$2:$B$1000, B142, $C$2:$C$1000, C142, $D$2:$D$1000, D142, $E$2:$E$1000, E142) > 1, "Duplicate", "Unique") -> Duplicate
A143: 46237.691 | B143: KERNEXEQ | C143: S | D143: 1 | E143: 2496 | F143: Expired | H143: =IF(COUNTIFS( $B$2:$B$1000, B143, $C$2:$C$1000, C143, $D$2:$D$1000, D143, $E$2:$E$1000, E143) > 1, "Duplicate", "Unique") -> Unique
A144: 46233.688 | B144: MOSCHIPEQ | C144: S | D144: 40 | E144: 229 | F144: Expired | H144: =IF(COUNTIFS( $B$2:$B$1000, B144, $C$2:$C$1000, C144, $D$2:$D$1000, D144, $E$2:$E$1000, E144) > 1, "Duplicate", "Unique") -> Unique
A145: 46233.688 | B145: BELEQ | C145: S | D145: 20 | E145: 424 | F145: Expired | H145: =IF(COUNTIFS( $B$2:$B$1000, B145, $C$2:$C$1000, C145, $D$2:$D$1000, D145, $E$2:$E$1000, E145) > 1, "Duplicate", "Unique") -> Unique
A146: 46234.687 | B146: RAILTELEQ | C146: S | D146: 100 | E146: 319 | F146: Expired | H146: =IF(COUNTIFS( $B$2:$B$1000, B146, $C$2:$C$1000, C146, $D$2:$D$1000, D146, $E$2:$E$1000, E146) > 1, "Duplicate", "Unique") -> Unique
A147: 46234.687 | B147: RAILTELEQ | C147: S | D147: 150 | E147: 323 | F147: Expired | H147: =IF(COUNTIFS( $B$2:$B$1000, B147, $C$2:$C$1000, C147, $D$2:$D$1000, D147, $E$2:$E$1000, E147) > 1, "Duplicate", "Unique") -> Unique
A148: 46234.688 | B148: VBLEQ | C148: S | D148: 35 | E148: 494 | F148: Expired | H148: =IF(COUNTIFS( $B$2:$B$1000, B148, $C$2:$C$1000, C148, $D$2:$D$1000, D148, $E$2:$E$1000, E148) > 1, "Duplicate", "Unique") -> Unique
A149: 46237.769 | B149: SENCOEQ | C149: S | D149: 5 | E149: 435 | F149: Expired | H149: =IF(COUNTIFS( $B$2:$B$1000, B149, $C$2:$C$1000, C149, $D$2:$D$1000, D149, $E$2:$E$1000, E149) > 1, "Duplicate", "Unique") -> Unique
A150: 46237.691 | B150: MOSCHIPEQ | C150: B | D150: 100 | E150: 208 | F150: Expired | H150: =IF(COUNTIFS( $B$2:$B$1000, B150, $C$2:$C$1000, C150, $D$2:$D$1000, D150, $E$2:$E$1000, E150) > 1, "Duplicate", "Unique") -> Unique
A151: 46237.769 | B151: GRSEEQ | C151: B | D151: 10 | E151: 2553 | F151: Expired | H151: =IF(COUNTIFS( $B$2:$B$1000, B151, $C$2:$C$1000, C151, $D$2:$D$1000, D151, $E$2:$E$1000, E151) > 1, "Duplicate", "Unique") -> Unique
A152: 03 AUG 2026 03:15:14 PM | B152: IRFCEQ | C152: B | D152: 200 | E152: 88.85 | F152: Expired | H152: =IF(COUNTIFS( $B$2:$B$1000, B152, $C$2:$C$1000, C152, $D$2:$D$1000, D152, $E$2:$E$1000, E152) > 1, "Duplicate", "Unique") -> Unique
A153: 03 AUG 2026 03:15:14 PM | B153: IREDAEQ | C153: B | D153: 150 | E153: 120.45 | F153: Expired | H153: =IF(COUNTIFS( $B$2:$B$1000, B153, $C$2:$C$1000, C153, $D$2:$D$1000, D153, $E$2:$E$1000, E153) > 1, "Duplicate", "Unique") -> Unique
A154: 03 AUG 2026 03:29:14 PM | B154: MCXEQ | C154: B | D154: 2 | E154: 2560 | F154: Expired | H154: =IF(COUNTIFS( $B$2:$B$1000, B154, $C$2:$C$1000, C154, $D$2:$D$1000, D154, $E$2:$E$1000, E154) > 1, "Duplicate", "Unique") -> Unique
A155: 46237.691 | B155: GRSEEQ | C155: B | D155: 5 | E155: 2506 | F155: Expired | H155: =IF(COUNTIFS( $B$2:$B$1000, B155, $C$2:$C$1000, C155, $D$2:$D$1000, D155, $E$2:$E$1000, E155) > 1, "Duplicate", "Unique") -> Unique
A156: 46233.688 | B156: GRSEEQ | C156: B | D156: 5 | E156: 2502 | F156: Expired | H156: =IF(COUNTIFS( $B$2:$B$1000, B156, $C$2:$C$1000, C156, $D$2:$D$1000, D156, $E$2:$E$1000, E156) > 1, "Duplicate", "Unique") -> Unique
A157: 46234.688 | B157: IRFCEQ | C157: B | D157: 100 | E157: 87.3 | F157: Expired | H157: =IF(COUNTIFS( $B$2:$B$1000, B157, $C$2:$C$1000, C157, $D$2:$D$1000, D157, $E$2:$E$1000, E157) > 1, "Duplicate", "Unique") -> Duplicate
A158: 03 AUG 2026 03:15:14 PM | B158: IRFCEQ | C158: B | D158: 100 | E158: 87.3 | F158: Expired | H158: =IF(COUNTIFS( $B$2:$B$1000, B158, $C$2:$C$1000, C158, $D$2:$D$1000, D158, $E$2:$E$1000, E158) > 1, "Duplicate", "Unique") -> Duplicate
A159: 03 AUG 2026 03:15:10 PM | B159: LTEQ | C159: B | D159: 2 | E159: 3856 | F159: Expired | H159: =IF(COUNTIFS( $B$2:$B$1000, B159, $C$2:$C$1000, C159, $D$2:$D$1000, D159, $E$2:$E$1000, E159) > 1, "Duplicate", "Unique") -> Unique
A160: 46237.769 | B160: IGILEQ | C160: B | D160: 50 | E160: 352 | F160: Expired | H160: =IF(COUNTIFS( $B$2:$B$1000, B160, $C$2:$C$1000, C160, $D$2:$D$1000, D160, $E$2:$E$1000, E160) > 1, "Duplicate", "Unique") -> Unique
A161: 46234.688 | B161: LTEQ | C161: B | D161: 2 | E161: 3830 | F161: Expired | H161: =IF(COUNTIFS( $B$2:$B$1000, B161, $C$2:$C$1000, C161, $D$2:$D$1000, D161, $E$2:$E$1000, E161) > 1, "Duplicate", "Unique") -> Duplicate
A162: 03 AUG 2026 03:15:10 PM | B162: LTEQ | C162: B | D162: 2 | E162: 3830 | F162: Expired | H162: =IF(COUNTIFS( $B$2:$B$1000, B162, $C$2:$C$1000, C162, $D$2:$D$1000, D162, $E$2:$E$1000, E162) > 1, "Duplicate", "Unique") -> Duplicate
A163: 46234.688 | B163: INDHOTELEQ | C163: B | D163: 5 | E163: 712 | F163: Expired | H163: =IF(COUNTIFS( $B$2:$B$1000, B163, $C$2:$C$1000, C163, $D$2:$D$1000, D163, $E$2:$E$1000, E163) > 1, "Duplicate", "Unique") -> Duplicate
A164: 03 AUG 2026 03:15:13 PM | B164: INDHOTELEQ | C164: B | D164: 5 | E164: 712 | F164: Expired | H164: =IF(COUNTIFS( $B$2:$B$1000, B164, $C$2:$C$1000, C164, $D$2:$D$1000, D164, $E$2:$E$1000, E164) > 1, "Duplicate", "Unique") -> Duplicate
A165: 46233.688 | B165: LTEQ | C165: B | D165: 3 | E165: 3810 | F165: Expired | H165: =IF(COUNTIFS( $B$2:$B$1000, B165, $C$2:$C$1000, C165, $D$2:$D$1000, D165, $E$2:$E$1000, E165) > 1, "Duplicate", "Unique") -> Unique
A166: 46234.688 | B166: GRSEEQ | C166: B | D166: 10 | E166: 2460 | F166: Expired | H166: =IF(COUNTIFS( $B$2:$B$1000, B166, $C$2:$C$1000, C166, $D$2:$D$1000, D166, $E$2:$E$1000, E166) > 1, "Duplicate", "Unique") -> Unique
A167: 46234.687 | B167: TRENTEQ | C167: B | D167: 5 | E167: 2888 | F167: Expired | H167: =IF(COUNTIFS( $B$2:$B$1000, B167, $C$2:$C$1000, C167, $D$2:$D$1000, D167, $E$2:$E$1000, E167) > 1, "Duplicate", "Unique") -> Duplicate
A168: 03 AUG 2026 03:15:12 PM | B168: TRENTEQ | C168: B | D168: 5 | E168: 2888 | F168: Expired | H168: =IF(COUNTIFS( $B$2:$B$1000, B168, $C$2:$C$1000, C168, $D$2:$D$1000, D168, $E$2:$E$1000, E168) > 1, "Duplicate", "Unique") -> Duplicate
A169: 46234.688 | B169: HALEQ | C169: B | D169: 15 | E169: 4415 | F169: Expired | H169: =IF(COUNTIFS( $B$2:$B$1000, B169, $C$2:$C$1000, C169, $D$2:$D$1000, D169, $E$2:$E$1000, E169) > 1, "Duplicate", "Unique") -> Duplicate
A170: 03 AUG 2026 03:15:10 PM | B170: HALEQ | C170: B | D170: 15 | E170: 4415 | F170: Expired | H170: =IF(COUNTIFS( $B$2:$B$1000, B170, $C$2:$C$1000, C170, $D$2:$D$1000, D170, $E$2:$E$1000, E170) > 1, "Duplicate", "Unique") -> Duplicate
A171: 46237.691 | B171: PRINCEPIPEEQ | C171: B | D171: 10 | E171: 251 | F171: Expired | H171: =IF(COUNTIFS( $B$2:$B$1000, B171, $C$2:$C$1000, C171, $D$2:$D$1000, D171, $E$2:$E$1000, E171) > 1, "Duplicate", "Unique") -> Unique
A172: 46237.691 | B172: GOLDBEESEQ | C172: B | D172: 100 | E172: 111 | F172: Expired | H172: =IF(COUNTIFS( $B$2:$B$1000, B172, $C$2:$C$1000, C172, $D$2:$D$1000, D172, $E$2:$E$1000, E172) > 1, "Duplicate", "Unique") -> Unique
A173: 46234.688 | B173: TVSMOTOREQ | C173: B | D173: 1 | E173: 4110 | F173: Expired | H173: =IF(COUNTIFS( $B$2:$B$1000, B173, $C$2:$C$1000, C173, $D$2:$D$1000, D173, $E$2:$E$1000, E173) > 1, "Duplicate", "Unique") -> Duplicate
A174: 03 AUG 2026 03:15:12 PM | B174: TVSMOTOREQ | C174: B | D174: 1 | E174: 4110 | F174: Expired | H174: =IF(COUNTIFS( $B$2:$B$1000, B174, $C$2:$C$1000, C174, $D$2:$D$1000, D174, $E$2:$E$1000, E174) > 1, "Duplicate", "Unique") -> Duplicate
A175: 03 AUG 2026 03:15:09 PM | B175: RVNLEQ | C175: B | D175: 20 | E175: 220.1 | F175: Expired | H175: =IF(COUNTIFS( $B$2:$B$1000, B175, $C$2:$C$1000, C175, $D$2:$D$1000, D175, $E$2:$E$1000, E175) > 1, "Duplicate", "Unique") -> Unique
A176: 03 AUG 2026 03:15:10 PM | B176: SOLARINDSEQ | C176: B | D176: 1 | E176: 17552 | F176: Expired | H176: =IF(COUNTIFS( $B$2:$B$1000, B176, $C$2:$C$1000, C176, $D$2:$D$1000, D176, $E$2:$E$1000, E176) > 1, "Duplicate", "Unique") -> Unique
A177: 46233.688 | B177: INDHOTELEQ | C177: B | D177: 5 | E177: 702 | F177: Expired | H177: =IF(COUNTIFS( $B$2:$B$1000, B177, $C$2:$C$1000, C177, $D$2:$D$1000, D177, $E$2:$E$1000, E177) > 1, "Duplicate", "Unique") -> Unique
A178: 46233.688 | B178: LTEQ | C178: B | D178: 2 | E178: 3760 | F178: Expired | H178: =IF(COUNTIFS( $B$2:$B$1000, B178, $C$2:$C$1000, C178, $D$2:$D$1000, D178, $E$2:$E$1000, E178) > 1, "Duplicate", "Unique") -> Unique
A179: 46234.688 | B179: BSEEQ | C179: B | D179: 1 | E179: 3360 | F179: Expired | H179: =IF(COUNTIFS( $B$2:$B$1000, B179, $C$2:$C$1000, C179, $D$2:$D$1000, D179, $E$2:$E$1000, E179) > 1, "Duplicate", "Unique") -> Unique
A180: 46234.688 | B180: SENCOEQ | C180: B | D180: 25 | E180: 352 | F180: Expired | H180: =IF(COUNTIFS( $B$2:$B$1000, B180, $C$2:$C$1000, C180, $D$2:$D$1000, D180, $E$2:$E$1000, E180) > 1, "Duplicate", "Unique") -> Unique
A181: 46233.688 | B181: TVSMOTOREQ | C181: B | D181: 2 | E181: 4060 | F181: Expired | H181: =IF(COUNTIFS( $B$2:$B$1000, B181, $C$2:$C$1000, C181, $D$2:$D$1000, D181, $E$2:$E$1000, E181) > 1, "Duplicate", "Unique") -> Unique
A182: 46234.688 | B182: BAJFINANCEEQ | C182: B | D182: 4 | E182: 1066 | F182: Expired | H182: =IF(COUNTIFS( $B$2:$B$1000, B182, $C$2:$C$1000, C182, $D$2:$D$1000, D182, $E$2:$E$1000, E182) > 1, "Duplicate", "Unique") -> Duplicate
A183: 03 AUG 2026 03:15:10 PM | B183: BAJFINANCEEQ | C183: B | D183: 4 | E183: 1066 | F183: Expired | H183: =IF(COUNTIFS( $B$2:$B$1000, B183, $C$2:$C$1000, C183, $D$2:$D$1000, D183, $E$2:$E$1000, E183) > 1, "Duplicate", "Unique") -> Duplicate
...
