Workbook

Sheet Sheet1
A1: Date | B1: Stock | C1: Order Type (Buy/Sell) | D1: Quantity | E1: Price | F1: Status
A2: 17 AUG 2026 04:31:38 PM | B2: KERNEXEQ | C2: S | D2: 3 | E2: 1896 | F2: Expired
A3: 17 AUG 2026 04:31:40 PM | B3: NETWEBEQ | C3: B | D3: 1 | E3: 5010 | F3: Expired
A4: 17 AUG 2026 04:31:37 PM | B4: E2EEQ | C4: B | D4: 5 | E4: 634 | F4: Expired
A5: 17 AUG 2026 04:31:33 PM | B5: APOLLOTYREEQ | C5: B | D5: 40 | E5: 426 | F5: Expired
A6: 17 AUG 2026 04:31:33 PM | B6: APOLLOTYREEQ | C6: S | D6: 40 | E6: 446 | F6: Expired
A7: 17 AUG 2026 04:31:38 PM | B7: KERNEXEQ | C7: B | D7: 2 | E7: 1664 | F7: Expired
A8: 17 AUG 2026 04:31:38 PM | B8: KERNEXEQ | C8: S | D8: 5 | E8: 1914 | F8: Expired
A9: 17 AUG 2026 04:31:44 PM | B9: IGILEQ | C9: S | D9: 17 | E9: 373 | F9: Expired
A10: 17 AUG 2026 04:31:44 PM | B10: IGILEQ | C10: B | D10: 50 | E10: 348 | F10: Expired
A11: 17 AUG 2026 04:31:44 PM | B11: IGILEQ | C11: B | D11: 50 | E11: 344 | F11: Expired
A12: 17 AUG 2026 04:31:37 PM | B12: GRSEEQ | C12: S | D12: 10 | E12: 2648 | F12: Expired
A13: 17 AUG 2026 04:31:36 PM | B13: GRSEEQ | C13: S | D13: 10 | E13: 2636 | F13: Expired
... A57: 17 AUG 2026 04:31:36 PM | B57: GRSEEQ | C57: S | D57: 10 | E57: 2672 | F57: Expired
A58: Date | B58: Stock | C58: Order Type (Buy/Sell) | D58: Quantity | E58: Price | F58: Status
A59: 17 AUG 2026 03:15:13 PM | B59: COCHINSHIPEQ | C59: S | D59: 10 | E59: 1510 | F59: Expired
A60: 17 AUG 2026 03:28:19 PM | B60: KFINTECHEQ | C60: S | D60: 10 | E60: 997 | F60: Expired
A61: 17 AUG 2026 03:15:08 PM | B61: KFINTECHEQ | C61: B | D61: 10 | E61: 937 | F61: Expired
A62: 17 AUG 2026 03:15:08 PM | B62: KFINTECHEQ | C62: B | D62: 10 | E62: 927 | F62: Expired
A63: 17 AUG 2026 03:15:12 PM | B63: BSEEQ | C63: B | D63: 2 | E63: 3210 | F63: Expired
A64: 17 AUG 2026 03:28:18 PM | B64: IRFCEQ | C64: S | D64: 200 | E64: 89.3 | F64: Expired
A65: 17 AUG 2026 03:15:12 PM | B65: BSEEQ | C65: S | D65: 5 | E65: 3482 | F65: Expired
A66: 17 AUG 2026 03:15:10 PM | B66: BDLEQ | C66: S | D66: 10 | E66: 1479 | F66: Expired
A67: 17 AUG 2026 03:15:13 PM | B67: CGPOWEREQ | C67: B | D67: 20 | E67: 861 | F67: Expired
A68: 17 AUG 2026 03:28:19 PM | B68: COCHINSHIPEQ | C68: B | D68: 10 | E68: 1440 | F68: Expired
A69: 17 AUG 2026 03:15:10 PM | B69: HALEQ | C69: B | D69: 1 | E69: 4640 | F69: Expired
A70: 17 AUG 2026 03:15:10 PM | B70: MAZDOCKEQ | C70: B | D70: 7 | E70: 2401 | F70: Expired
... A118: 17 AUG 2026 03:28:19 PM | B118: LTEQ | C118: S | D118: 5 | E118: 4129 | F118: Expired
A119: Date | B119: Stock | C119: Order Type (Buy/Sell) | D119: Quantity | E119: Price | F119: Expired
A120: 46247.645 | B120: BDLEQ | C120: B | D120: 10 | E120: 1400 | F120: Expired
A121: 46248.645 | B121: IRFCEQ | C121: B | D121: 100 | E121: 87.3 | F121: Expired
A122: 46248.769 | B122: GRSEEQ | C122: B | D122: 10 | E122: 2601 | F122: Expired
A123: 46248.645 | B123: BSEEQ | C123: B | D123: 2 | E123: 3410 | F123: Expired
A124: 46248.769 | B124: GRSEEQ | C124: B | D124: 10 | E124: 2583 | F124: Expired
A125: 46248.769 | B125: SENCOEQ | C125: B | D125: 25 | E125: 336 | F125: Expired
A126: 46248.769 | B126: APOLLOTYREEQ | C126: B | D126: 40 | E126: 436 | F126: Expired
A127: 46248.769 | B127: SCIEQ | C127: B | D127: 30 | E127: 286 | F127: Expired
A128: 46247.645 | B128: INDHOTELEQ | C128: B | D128: 5 | E128: 702 | F128: Expired
A129: 46248.645 | B129: COCHINSHIPEQ | C129: B | D129: 10 | E129: 1452 | F129: Expired
A130: 46247.69 | B130: GRSEEQ | C130: B | D130: 5 | E130: 2540 | F130: Expired
A131: 46247.645 | B131: LTEQ | C131: B | D131: 5 | E131: 3938 | F131: Expired
... A144: 46246.69 | B144: GOLDBEESEQ | C144: B | D144: 50 | E144: 119 | F144: Expired
A145: ######## | B145: LTEQ | C145: B | D145: 2 | E145: 3856 | F145: Expired
A146: 46246.635 | B146: CDSLEQ | C146: B | D146: 69 | E146: 1277 | F146: Expired
A147: 46241.765 | B147: MAFANGEQ | C147: B | D147: 25 | E147: 196 | F147: Expired
A148: 46364.69 | B148: GRSEEQ | C148: B | D148: 5 | E148: 2470 | F148: Expired
A149: ######## | B149: LTEQ | C149: B | D149: 2 | E149: 3830 | F149: Expired
A150: 46211.688 | B150: JUSTDIALEQ | C150: B | D150: 10 | E150: 640 | F150: Expired
A151: 46247.635 | B151: SBINEQ | C151: B | D151: 15 | E151: 1005 | F151: Expired
A152: 46246.635 | B152: CGPOWEREQ | C152: B | D152: 5 | E152: 838 | F152: Expired
A153: 46247.69 | B153: GRSEEQ | C153: B | D153: 30 | E153: 2460 | F153: Expired
A154: 46248.769 | B154: NETWEBEQ | C154: B | D154: 3 | E154: 4710 | F154: Expired
A155: 46248.636 | B155: MCXEQ | C155: B | D155: 1 | E155: 2752 | F155: Expired
A156: 46247.69 | B156: MOSCHIPEQ | C156: B | D156: 50 | E156: 196 | F156: Expired
A157: 46248.636 | B157: CGPOWEREQ | C157: B | D157: 25 | E157: 836 | F157: Expired
A158: ######## | B158: LTEQ | C158: B | D158: 3 | E158: 3810 | F158: Expired
A159: 46239.635 | B159: KFINTECHEQ | C159: B | D159: 40 | E159: 878 | F159: Expired
A160: 46334.692 | B160: ARE&MEQ | C160: B | D160: 11 | E160: 882 | F160: Expired
A161: 46247.69 | B161: GRSEEQ | C161: B | D161: 30 | E161: 2435 | F161: Expired
A162: 46241.688 | B162: SILVERBEESEQ | C162: B | D162: 50 | E162: 206 | F162: Expired
A163: 46245.693 | B163: IGILEQ | C163: B | D163: 100 | E163: 322 | F163: Expired
A164: ######## | B164: TVSMOTOREQ | C164: B | D164: 2 | E164: 4010 | F164: Expired
A165: 46247.635 | B165: SOLARINDSEQ | C165: B | D165: 1 | E165: 18552 | F165: Expired
A166: ######## | B166: LTEQ | C166: B | D166: 2 | E166: 3760 | F166: Expired
A167: 46245.693 | B167: GOLDBEESEQ | C167: B | D167: 50 | E167: 116 | F167: Expired
A168: 46364.635 | B168: DIXONEQ | C168: B | D168: 1 | E168: 13052 | F168: Expired
A169: 46245.693 | B169: GOLDBEESEQ | C169: B | D169: 200 | E169: 115.25 | F169: Expired
A170: 46246.635 | B170: MAZDOCKEQ | C170: B | D170: 8 | E170: 2370 | F170: Expired
A171: 46241.765 | B171: LALPATHLABEQ | C171: B | D171: 4 | E171: 1751 | F171: Expired
A172: 46246.635 | B172: LODHAEQ | C172: B | D172: 10 | E172: 1132 | F172: Expired
A173: 46246.635 | B173: BDLEQ | C173: B | D173: 10 | E173: 1280 | F173: Expired
A174: 46246.644 | B174: KFINTECHEQ | C174: B | D174: 40 | E174: 862 | F174: Expired
A175: 46241.688 | B175: JUSTDIALEQ | C175: B | D175: 20 | E175: 620 | F175: Expired
A176: 46240.688 | B176: JUSTDIALEQ | C176: B | D176: 30 | E176: 620 | F176: Expired
A177: ######## | B177: CGPOWEREQ | C177: B | D177: 5 | E177: 812 | F177: Expired
A178: 46334.635 | B178: MCXEQ | C178: B | D178: 2 | E178: 2660 | F178: Expired
A179: 46211.635 | B179: HALEQ | C179: B | D179: 1 | E179: 4560 | F179: Expired
A180: 46334.692 | B180: ARE&MEQ | C180: B | D180: 30 | E180: 860 | F180: Expired
A181: 46248.771 | B181: E2EEQ | C181: B | D181: 5 | E181: 604 | F181: Expired
A182: ######## | B182: ABBEQ | C182: B | D182: 1 | E182: 6920 | F182: Expired
A183: 46247.635 | B183: SOLARINDSEQ | C183: B | D183: 1 | E183: 18052 | F183: Expired
A184: 46246.635 | B184: BDLEQ | C184: B | D184: 10 | E184: 1260 | F184: Expired
A185: 46334.692 | B185: ARE&MEQ | C185: B | D185: 5 | E185: 852 | F185: Expired
A186: 46246.635 | B186: BDLEQ | C186: B | D186: 10 | E186: 1251 | F186: Expired
A187: 46246.69 | B187: ITBEESEQ | C187: B | D187: 200 | E187: 31.01 | F187: Expired
A188: 46240.635 | B188: HALEQ | C188: B | D188: 2 | E188: 4456 | F188: Expired
A189: 46181.688 | B189: GOLDBEESEQ | C189: B | D189: 100 | E189: 111 | F189: Expired
A190: ######## | B190: PRINCEPIPEEQ | C190: B | D190: 10 | E190: 251 | F190: Expired
A191: ######## | B191: SONACOMSEQ | C191: B | D191: 4 | E191: 701 | F191: Expired
A192: 46241.688 | B192: NETWEBEQ | C192: B | D192: 2 | E192: 4410 | F192: Expired
A193: 46239.789 | B193: EXIDEINDEQ | C193: B | D193: 5 | E193: 419 | F193: Expired
A194: 46150.635 | B194: HALEQ | C194: B | D194: 15 | E194: 4415 | F194: Expired
A195: 46244.635 | B195: MCXEQ | C195: B | D195: 2 | E195: 2560 | F195: Expired
A196: ######## | B196: NETWEBEQ | C196: B | D196: 1 | E196: 4364 | F196: Expired
A197: 46240.688 | B197: ZENTECEQ | C197: B | D197: 5 | E197: 1614 | F197: Expired
A198: 46150.79 | B198: TMCVEQ | C198: B | D198: 7 | E198: 411 | F198: Expired
A199: ######## | B199: EXIDEINDEQ | C199: B | D199: 29 | E199: 401 | F199: Expired
A200: ######## | B200: NETWEBEQ | C200: B | D200: 1 | E200: 4164 | F200: Expired
A201: ######## | B201: NETWEBEQ | C201: B | D201: 1 | E201: 4014 | F201: Expired
A202: ######## | B202: NETWEBEQ | C202: B | D202: 1 | E202: 3914 | F202: Expired
...

Sheet Sheet3
A1: Date | B1: Stock | C1: Order Type (Buy/Sell) | D1: Quantity | E1: Price | F1: Status | H1: {=_xlfn.UNIQUE(B:B)} -> Stock
A2: 17 AUG 2026 02:14:08 PM | B2: KERNEXEQ | C2: B | D2: 3 | E2: 1714 | F2: Executed | H2: KERNEXEQ
A3: 17 AUG 2026 02:02:34 PM | B3: KERNEXEQ | C3: B | D3: 2 | E3: 1776 | F3: Executed | H3: DHOOTTRANSEQ
A4: 17 AUG 2026 12:09:03 PM | B4: KERNEXEQ | C4: B | D4: 3 | E4: 1793 | F4: Executed | H4: IGILEQ
A5: 17 AUG 2026 10:28:54 AM | B5: KERNEXEQ | C5: B | D5: 2 | E5: 1864 | F5: Executed | H5: IRFCEQ
A6: 17 AUG 2026 10:00:02 AM | B6: DHOOTTRANSEQ | C6: S | D6: 17 | E6: 1100 | F6: Executed | H6: COCHINSHIPEQ
A7: 17 AUG 2026 11:13:04 AM | B7: IGILEQ | C7: S | D7: 50 | E7: 357 | F7: Executed | H7: BSEEQ
A8: 17 AUG 2026 09:57:17 AM | B8: IGILEQ | C8: S | D8: 50 | E8: 353 | F8: Executed | H8: SCIEQ
A9: 17 AUG 2026 09:33:09 AM | B9: IRFCEQ | C9: B | D9: 100 | E9: 86.3 | F9: Executed | H9: APOLLOTYREEQ
A10: 17 AUG 2026 09:21:29 AM | B10: IGILEQ | C10: B | D10: 150 | E10: 346 | F10: Executed | H10: SENCOEQ
A11: 17 AUG 2026 09:19:45 AM | B11: COCHINSHIPEQ | C11: B | D11: 10 | E11: 1452 | F11: Executed | H11: GRSEEQ
A12: 17 AUG 2026 09:16:33 AM | B12: COCHINSHIPEQ | C12: S | D12: 20 | E12: 1492.2 | F12: Executed | H12: BDLEQ
A13: 17 AUG 2026 09:15:41 AM | B13: BSEEQ | C13: B | D13: 3 | E13: 3310 | F13: Executed | H13: KFINTECHEQ
... A15: 17 AUG 2026 10:28:23 AM | B15: KERNEXEQ | C15: B | D15: 3 | E15: 1914 | F15: Executed | H15: CGPOWEREQ
A16: 17 AUG 2026 09:01:04 AM | B16: KERNEXEQ | C16: B | D16: 5 | E16: 1964 | F16: Executed | H16: 0
A17: 17 AUG 2026 09:01:03 AM | B17: COCHINSHIPEQ | C17: B | D17: 10 | E17: 1440 | F17: Executed
A18: 17 AUG 2026 09:01:03 AM | B18: COCHINSHIPEQ | C18: B | D18: 10 | E18: 1452 | F18: Executed
A19: 17 AUG 2026 09:01:03 AM | B19: SCIEQ | C19: B | D19: 30 | E19: 286 | F19: Executed
A20: 17 AUG 2026 09:01:03 AM | B20: APOLLOTYREEQ | C20: B | D20: 40 | E20: 436 | F20: Executed
A21: 17 AUG 2026 09:01:03 AM | B21: SENCOEQ | C21: B | D21: 25 | E21: 336 | F21: Executed
A22: 17 AUG 2026 11:20:06 AM | B22: GRSEEQ | C22: B | D22: 10 | E22: 2602 | F22: Executed
A23: 17 AUG 2026 09:01:03 AM | B23: BSEEQ | C23: B | D23: 2 | E23: 3410 | F23: Executed
A24: 17 AUG 2026 09:01:03 AM | B24: GRSEEQ | C24: B | D24: 10 | E24: 2601 | F24: Executed
A25: 17 AUG 2026 09:01:03 AM | B25: IRFCEQ | C25: B | D25: 100 | E25: 87.3 | F25: Executed
A26: 17 AUG 2026 09:01:03 AM | B26: BDLEQ | C26: B | D26: 10 | E26: 1440 | F26: Executed
A27: 17 AUG 2026 09:01:03 AM | B27: IGILEQ | C27: S | D27: 50 | E27: 361 | F27: Executed
A28: 17 AUG 2026 09:01:02 AM | B28: KFINTECHEQ | C28: S | D28: 10 | E28: 977 | F28: Executed
... A34: 17 AUG 2026 09:01:02 AM | B34: KFINTECHEQ | C34: S | D34: 10 | E34: 947 | F34: Executed

Sheet Sheet2
A1: Date | B1: Stock | C1: Order Type (Buy/Sell) | D1: Quantity | E1: Price
A2: 46247.645 | B2: BDLEQ | C2: B | D2: 10 | E2: 1400 | H2: =IF(COUNTIFS( Sheet1!$B:$B, B2, Sheet1!$C:$C, C2, Sheet1!$D:$D, D2, Sheet1!$E:$E, E2 ) = 0, "NO MATCH IN TARGET", "MATCHED") -> MATCHED
A3: 46248.645 | B3: IRFCEQ | C3: B | D3: 100 | E3: 87.3 | H3: =IF(COUNTIFS( Sheet1!$B:$B, B3, Sheet1!$C:$C, C3, Sheet1!$D:$D, D3, Sheet1!$E:$E, E3 ) = 0, "NO MATCH IN TARGET", "MATCHED") -> MATCHED
A4: 46248.769 | B4: GRSEEQ | C4: B | D4: 10 | E4: 2601 | H4: =IF(COUNTIFS( Sheet1!$B:$B, B4, Sheet1!$C:$C, C4, Sheet1!$D:$D, D4, Sheet1!$E:$E, E4 ) = 0, "NO MATCH IN TARGET", "MATCHED") -> MATCHED
A5: 46248.645 | B5: HDFCAMCEQ | C5: B | D5: 2 | E5: 2460 | H5: =IF(COUNTIFS( Sheet1!$B:$B, B5, Sheet1!$C:$C, C5, Sheet1!$D:$D, D5, Sheet1!$E:$E, E5 ) = 0, "NO MATCH IN TARGET", "MATCHED") -> MATCHED
A6: 46248.645 | B6: BSEEQ | C6: B | D6: 2 | E6: 3410 | H6: =IF(COUNTIFS( Sheet1!$B:$B, B6, Sheet1!$C:$C, C6, Sheet1!$D:$D, D6, Sheet1!$E:$E, E6 ) = 0, "NO MATCH IN TARGET", "MATCHED") -> MATCHED
A7: 46248.645 | B7: NAM-INDIAEQ | C7: B | D7: 5 | E7: 1152 | H7: =IF(COUNTIFS( Sheet1!$B:$B, B7, Sheet1!$C:$C, C7, Sheet1!$D:$D, D7, Sheet1!$E:$E, E7 ) = 0, "NO MATCH IN TARGET", "MATCHED") -> MATCHED
A8: 46248.645 | B8: INDHOTELEQ | C8: B | D8: 5 | E8: 712 | H8: =IF(COUNTIFS( Sheet1!$B:$B, B8, Sheet1!$C:$C, C8, Sheet1!$D:$D, D8, Sheet1!$E:$E, E8 ) = 0, "NO MATCH IN TARGET", "MATCHED") -> MATCHED
A9: 46248.769 | B9: GRSEEQ | C9: B | D9: 10 | E9: 2583 | H9: =IF(COUNTIFS( Sheet1!$B:$B, B9, Sheet1!$C:$C, C9, Sheet1!$D:$D, D9, Sheet1!$E:$E, E9 ) = 0, "NO MATCH IN TARGET", "MATCHED") -> MATCHED
A10: 46248.645 | B10: LTEQ | C10: B | D10: 5 | E10: 4002 | H10: =IF(COUNTIFS( Sheet1!$B:$B, B10, Sheet1!$C:$C, C10, Sheet1!$D:$D, D10, Sheet1!$E:$E, E10 ) = 0, "NO MATCH IN TARGET", "MATCHED") -> MATCHED
A11: 46248.769 | B11: GRSEEQ | C11: B | D11: 10 | E11: 2578 | H11: =IF(COUNTIFS( Sheet1!$B:$B, B11, Sheet1!$C:$C, C11, Sheet1!$D:$D, D11, Sheet1!$E:$E, E11 ) = 0, "NO MATCH IN TARGET", "MATCHED") -> MATCHED
A12: 46248.769 | B12: IGILEQ | C12: B | D12: 100 | E12: 341 | H12: =IF(COUNTIFS( Sheet1!$B:$B, B12, Sheet1!$C:$C, C12, Sheet1!$D:$D, D12, Sheet1!$E:$E, E12 ) = 0, "NO MATCH IN TARGET", "MATCHED") -> MATCHED
A13: 46248.769 | B13: SENCOEQ | C13: B | D13: 25 | E13: 336 | H13: =IF(COUNTIFS( Sheet1!$B:$B, B13, Sheet1!$C:$C, C13, Sheet1!$D:$D, D13, Sheet1!$E:$E, E13 ) = 0, "NO MATCH IN TARGET", "MATCHED") -> MATCHED
... A67: 46246.69 | B67: GOLDBEESEQ | C67: B | D67: 50 | E67: 119 | H67: =IF(COUNTIFS( Sheet1!$B:$B, B67, Sheet1!$C:$C, C67, Sheet1!$D:$D, D67, Sheet1!$E:$E, E67 ) = 0, "NO MATCH IN TARGET", "MATCHED") -> MATCHED
A68: ######## | B68: LTEQ | C68: B | D68: 2 | E68: 3856 | H68: =IF(COUNTIFS( Sheet1!$B:$B, B68, Sheet1!$C:$C, C68, Sheet1!$D:$D, D68, Sheet1!$E:$E, E68 ) = 0, "NO MATCH IN TARGET", "MATCHED") -> MATCHED
A69: 46246.635 | B69: CDSLEQ | C69: B | D69: 69 | E69: 1277 | H69: =IF(COUNTIFS( Sheet1!$B:$B, B69, Sheet1!$C:$C, C69, Sheet1!$D:$D, D69, Sheet1!$E:$E, E69 ) = 0, "NO MATCH IN TARGET", "MATCHED") -> MATCHED
A70: 46247.69 | B70: EXIDEINDEQ | C70: B | D70: 5 | E70: 452 | H70: =IF(COUNTIFS( Sheet1!$B:$B, B70, Sheet1!$C:$C, C70, Sheet1!$D:$D, D70, Sheet1!$E:$E, E70 ) = 0, "NO MATCH IN TARGET", "MATCHED") -> MATCHED
A71: 46248.636 | B71: BELEQ | C71: B | D71: 100 | E71: 390 | H71: =IF(COUNTIFS( Sheet1!$B:$B, B71, Sheet1!$C:$C, C71, Sheet1!$D:$D, D71, Sheet1!$E:$E, E71 ) = 0, "NO MATCH IN TARGET", "MATCHED") -> MATCHED
A72: 46241.765 | B72: MAFANGEQ | C72: B | D72: 25 | E72: 196 | H72: =IF(COUNTIFS( Sheet1!$B:$B, B72, Sheet1!$C:$C, C72, Sheet1!$D:$D, D72, Sheet1!$E:$E, E72 ) = 0, "NO MATCH IN TARGET", "MATCHED") -> MATCHED
A73: 46246.635 | B73: COCHINSHIPEQ | C73: B | D73: 10 | E73: 1410 | H73: =IF(COUNTIFS( Sheet1!$B:$B, B73, Sheet1!$C:$C, C73, Sheet1!$D:$D, D73, Sheet1!$E:$E, E73 ) = 0, "NO MATCH IN TARGET", "MATCHED") -> MATCHED
A74: 46364.69 | B74: GRSEEQ | C74: B | D74: 5 | E74: 2470 | H74: =IF(COUNTIFS( Sheet1!$B:$B, B74, Sheet1!$C:$C, C74, Sheet1!$D:$D, D74, Sheet1!$E:$E, E74 ) = 0, "NO MATCH IN TARGET", "MATCHED") -> MATCHED
A75: 46247.69 | B75: SCIEQ | C75: B | D75: 37 | E75: 277 | H75: =IF(COUNTIFS( Sheet1!$B:$B, B75, Sheet1!$C:$C, C75, Sheet1!$D:$D, D75, Sheet1!$E:$E, E75 ) = 0, "NO MATCH IN TARGET", "MATCHED") -> MATCHED
A76: 46248.769 | B76: URBANCOEQ | C76: B | D76: 45 | E76: 136.15 | H76: =IF(COUNTIFS( Sheet1!$B:$B, B76, Sheet1!$C:$C, C76, Sheet1!$D:$D, D76, Sheet1!$E:$E, E76 ) = 0, "NO MATCH IN TARGET", "MATCHED") -> MATCHED
A77: 46248.769 | B77: IGILEQ | C77: B | D77: 100 | E77: 327 | H77: =IF(COUNTIFS( Sheet1!$B:$B, B77, Sheet1!$C:$C, C77, Sheet1!$D:$D, D77, Sheet1!$E:$E, E77 ) = 0, "NO MATCH IN TARGET", "MATCHED") -> MATCHED
A78: 46248.636 | B78: LODHAEQ | C78: B | D78: 10 | E78: 1166 | H78: =IF(COUNTIFS( Sheet1!$B:$B, B78, Sheet1!$C:$C, C78, Sheet1!$D:$D, D78, Sheet1!$E:$E, E78 ) = 0, "NO MATCH IN TARGET", "MATCHED") -> MATCHED
A79: ######## | B79: LTEQ | C79: B | D79: 2 | E79: 3830 | H79: =IF(COUNTIFS( Sheet1!$B:$B, B79, Sheet1!$C:$C, C79, Sheet1!$D:$D, D79, Sheet1!$E:$E, E79 ) = 0, "NO MATCH IN TARGET", "MATCHED") -> MATCHED
A80: 46211.688 | B80: JUSTDIALEQ | C80: B | D80: 10 | E80: 640 | H80: =IF(COUNTIFS( Sheet1!$B:$B, B80, Sheet1!$C:$C, C80, Sheet1!$D:$D, D80, Sheet1!$E:$E, E80 ) = 0, "NO MATCH IN TARGET", "MATCHED") -> MATCHED
A81: 46247.635 | B81: SBINEQ | C81: B | D81: 15 | E81: 1005 | H81: =IF(COUNTIFS( Sheet1!$B:$B, B81, Sheet1!$C:$C, C81, Sheet1!$D:$D, D81, Sheet1!$E:$E, E81 ) = 0, "NO MATCH IN TARGET", "MATCHED") -> MATCHED
A82: 46246.635 | B82: CGPOWEREQ | C82: B | D82: 5 | E82: 838 | H82: =IF(COUNTIFS( Sheet1!$B:$B, B82, Sheet1!$C:$C, C82, Sheet1!$D:$D, D82, Sheet1!$E:$E, E82 ) = 0, "NO MATCH IN TARGET", "MATCHED") -> MATCHED
A83: 46247.69 | B83: GRSEEQ | C83: B | D83: 30 | E83: 2460 | H83: =IF(COUNTIFS( Sheet1!$B:$B, B83, Sheet1!$C:$C, C83, Sheet1!$D:$D, D83, Sheet1!$E:$E, E83 ) = 0, "NO MATCH IN TARGET", "MATCHED") -> MATCHED
A84: 46248.769 | B84: NETWEBEQ | C84: B | D84: 3 | E84: 4710 | H84: =IF(COUNTIFS( Sheet1!$B:$B, B84, Sheet1!$C:$C, C84, Sheet1!$D:$D, D84, Sheet1!$E:$E, E84 ) = 0, "NO MATCH IN TARGET", "MATCHED") -> MATCHED
A85: 46248.636 | B85: MCXEQ | C85: B | D85: 1 | E85: 2752 | H85: =IF(COUNTIFS( Sheet1!$B:$B, B85, Sheet1!$C:$C, C85, Sheet1!$D:$D, D85, Sheet1!$E:$E, E85 ) = 0, "NO MATCH IN TARGET", "MATCHED") -> MATCHED
A86: 46247.69 | B86: MOSCHIPEQ | C86: B | D86: 50 | E86: 196 | H86: =IF(COUNTIFS( Sheet1!$B:$B, B86, Sheet1!$C:$C, C86, Sheet1!$D:$D, D86, Sheet1!$E:$E, E86 ) = 0, "NO MATCH IN TARGET", "MATCHED") -> MATCHED
A87: 46248.636 | B87: CGPOWEREQ | C87: B | D87: 25 | E87: 836 | H87: =IF(COUNTIFS( Sheet1!$B:$B, B87, Sheet1!$C:$C, C87, Sheet1!$D:$D, D87, Sheet1!$E:$E, E87 ) = 0, "NO MATCH IN TARGET", "MATCHED") -> MATCHED
A88: ######## | B88: LTEQ | C88: B | D88: 3 | E88: 3810 | H88: =IF(COUNTIFS( Sheet1!$B:$B, B88, Sheet1!$C:$C, C88, Sheet1!$D:$D, D88, Sheet1!$E:$E, E88 ) = 0, "NO MATCH IN TARGET", "MATCHED") -> MATCHED
A89: 46248.771 | B89: KERNEXEQ | C89: B | D89: 5 | E89: 1914 | H89: =IF(COUNTIFS( Sheet1!$B:$B, B89, Sheet1!$C:$C, C89, Sheet1!$D:$D, D89, Sheet1!$E:$E, E89 ) = 0, "NO MATCH IN TARGET", "MATCHED") -> NO MATCH IN TARGET
A90: 46239.635 | B90: KFINTECHEQ | C90: B | D90: 40 | E90: 878 | H90: =IF(COUNTIFS( Sheet1!$B:$B, B90, Sheet1!$C:$C, C90, Sheet1!$D:$D, D90, Sheet1!$E:$E, E90 ) = 0, "NO MATCH IN TARGET", "MATCHED") -> MATCHED
A91: 46248.636 | B91: BDLEQ | C91: B | D91: 10 | E91: 1303 | H91: =IF(COUNTIFS( Sheet1!$B:$B, B91, Sheet1!$C:$C, C91, Sheet1!$D:$D, D91, Sheet1!$E:$E, E91 ) = 0, "NO MATCH IN TARGET", "MATCHED") -> MATCHED
A92: 46334.692 | B92: ARE&MEQ | C92: B | D92: 11 | E92: 882 | H92: =IF(COUNTIFS( Sheet1!$B:$B, B92, Sheet1!$C:$C, C92, Sheet1!$D:$D, D92, Sheet1!$E:$E, E92 ) = 0, "NO MATCH IN TARGET", "MATCHED") -> MATCHED
A93: 46247.69 | B93: GRSEEQ | C93: B | D93: 30 | E93: 2435 | H93: =IF(COUNTIFS( Sheet1!$B:$B, B93, Sheet1!$C:$C, C93, Sheet1!$D:$D, D93, Sheet1!$E:$E, E93 ) = 0, "NO MATCH IN TARGET", "MATCHED") -> MATCHED
A94: 46241.688 | B94: SILVERBEESEQ | C94: B | D94: 50 | E94: 206 | H94: =IF(COUNTIFS( Sheet1!$B:$B, B94, Sheet1!$C:$C, C94, Sheet1!$D:$D, D94, Sheet1!$E:$E, E94 ) = 0, "NO MATCH IN TARGET", "MATCHED") -> MATCHED
A95: 46245.693 | B95: IGILEQ | C95: B | D95: 100 | E95: 322 | H95: =IF(COUNTIFS( Sheet1!$B:$B, B95, Sheet1!$C:$C, C95, Sheet1!$D:$D, D95, Sheet1!$E:$E, E95 ) = 0, "NO MATCH IN TARGET", "MATCHED") -> MATCHED
A96: 46248.636 | B96: MAZDOCKEQ | C96: B | D96: 7 | E96: 2401 | H96: =IF(COUNTIFS( Sheet1!$B:$B, B96, Sheet1!$C:$C, C96, Sheet1!$D:$D, D96, Sheet1!$E:$E, E96 ) = 0, "NO MATCH IN TARGET", "MATCHED") -> MATCHED
A97: ######## | B97: TVSMOTOREQ | C97: B | D97: 2 | E97: 4010 | H97: =IF(COUNTIFS( Sheet1!$B:$B, B97, Sheet1!$C:$C, C97, Sheet1!$D:$D, D97, Sheet1!$E:$E, E97 ) = 0, "NO MATCH IN TARGET", "MATCHED") -> MATCHED
A98: 46247.635 | B98: SOLARINDSEQ | C98: B | D98: 1 | E98: 18552 | H98: =IF(COUNTIFS( Sheet1!$B:$B, B98, Sheet1!$C:$C, C98, Sheet1!$D:$D, D98, Sheet1!$E:$E, E98 ) = 0, "NO MATCH IN TARGET", "MATCHED") -> MATCHED
A99: ######## | B99: LTEQ | C99: B | D99: 2 | E99: 3760 | H99: =IF(COUNTIFS( Sheet1!$B:$B, B99, Sheet1!$C:$C, C99, Sheet1!$D:$D, D99, Sheet1!$E:$E, E99 ) = 0, "NO MATCH IN TARGET", "MATCHED") -> MATCHED
A100: 46245.693 | B100: GOLDBEESEQ | C100: B | D100: 50 | E100: 116 | H100: =IF(COUNTIFS( Sheet1!$B:$B, B100, Sheet1!$C:$C, C100, Sheet1!$D:$D, D100, Sheet1!$E:$E, E100 ) = 0, "NO MATCH IN TARGET", "MATCHED") -> MATCHED
A101: 46248.636 | B101: HALEQ | C101: B | D101: 1 | E101: 4640 | H101: =IF(COUNTIFS( Sheet1!$B:$B, B101, Sheet1!$C:$C, C101, Sheet1!$D:$D, D101, Sheet1!$E:$E, E101 ) = 0, "NO MATCH IN TARGET", "MATCHED") -> MATCHED
A102: 46364.635 | B102: DIXONEQ | C102: B | D102: 1 | E102: 13052 | H102: =IF(COUNTIFS( Sheet1!$B:$B, B102, Sheet1!$C:$C, C102, Sheet1!$D:$D, D102, Sheet1!$E:$E, E102 ) = 0, "NO MATCH IN TARGET", "MATCHED") -> MATCHED
A103: 46245.693 | B103: GOLDBEESEQ | C103: B | D103: 200 | E103: 115.25 | H103: =IF(COUNTIFS( Sheet1!$B:$B, B103, Sheet1!$C:$C, C103, Sheet1!$D:$D, D103, Sheet1!$E:$E, E103 ) = 0, "NO MATCH IN TARGET", "MATCHED") -> MATCHED
A104: 46246.635 | B104: MAZDOCKEQ | C104: B | D104: 8 | E104: 2370 | H104: =IF(COUNTIFS( Sheet1!$B:$B, B104, Sheet1!$C:$C, C104, Sheet1!$D:$D, D104, Sheet1!$E:$E, E104 ) = 0, "NO MATCH IN TARGET", "MATCHED") -> MATCHED
A105: 46241.765 | B105: LALPATHLABEQ | C105: B | D105: 4 | E105: 1751 | H105: =IF(COUNTIFS( Sheet1!$B:$B, B105, Sheet1!$C:$C, C105, Sheet1!$D:$D, D105, Sheet1!$E:$E, E105 ) = 0, "NO MATCH IN TARGET", "MATCHED") -> MATCHED
A106: 46246.635 | B106: LODHAEQ | C106: B | D106: 10 | E106: 1132 | H106: =IF(COUNTIFS( Sheet1!$B:$B, B106, Sheet1!$C:$C, C106, Sheet1!$D:$D, D106, Sheet1!$E:$E, E106 ) = 0, "NO MATCH IN TARGET", "MATCHED") -> MATCHED
A107: 46246.635 | B107: BDLEQ | C107: B | D107: 10 | E107: 1280 | H107: =IF(COUNTIFS( Sheet1!$B:$B, B107, Sheet1!$C:$C, C107, Sheet1!$D:$D, D107, Sheet1!$E:$E, E107 ) = 0, "NO MATCH IN TARGET", "MATCHED") -> MATCHED
A108: 46246.644 | B108: KFINTECHEQ | C108: B | D108: 40 | E108: 862 | H108: =IF(COUNTIFS( Sheet1!$B:$B, B108, Sheet1!$C:$C, C108, Sheet1!$D:$D, D108, Sheet1!$E:$E, E108 ) = 0, "NO MATCH IN TARGET", "MATCHED") -> MATCHED
A109: 46241.688 | B109: JUSTDIALEQ | C109: B | D109: 20 | E109: 620 | H109: =IF(COUNTIFS( Sheet1!$B:$B, B109, Sheet1!$C:$C, C109, Sheet1!$D:$D, D109, Sheet1!$E:$E, E109 ) = 0, "NO MATCH IN TARGET", "MATCHED") -> MATCHED
A110: 46240.688 | B110: JUSTDIALEQ | C110: B | D110: 30 | E110: 620 | H110: =IF(COUNTIFS( Sheet1!$B:$B, B110, Sheet1!$C:$C, C110, Sheet1!$D:$D, D110, Sheet1!$E:$E, E110 ) = 0, "NO MATCH IN TARGET", "MATCHED") -> MATCHED
A111: ######## | B111: CGPOWEREQ | C111: B | D111: 5 | E111: 812 | H111: =IF(COUNTIFS( Sheet1!$B:$B, B111, Sheet1!$C:$C, C111, Sheet1!$D:$D, D111, Sheet1!$E:$E, E111 ) = 0, "NO MATCH IN TARGET", "MATCHED") -> MATCHED
A112: 46247.69 | B112: KERNEXEQ | C112: B | D112: 5 | E112: 1864 | H112: =IF(COUNTIFS( Sheet1!$B:$B, B112, Sheet1!$C:$C, C112, Sheet1!$D:$D, D112, Sheet1!$E:$E, E112 ) = 0, "NO MATCH IN TARGET", "MATCHED") -> NO MATCH IN TARGET
A113: 46334.635 | B113: MCXEQ | C113: B | D113: 2 | E113: 2660 | H113: =IF(COUNTIFS( Sheet1!$B:$B, B113, Sheet1!$C:$C, C113, Sheet1!$D:$D, D113, Sheet1!$E:$E, E113 ) = 0, "NO MATCH IN TARGET", "MATCHED") -> MATCHED
A114: 46211.635 | B114: HALEQ | C114: B | D114: 1 | E114: 4560 | H114: =IF(COUNTIFS( Sheet1!$B:$B, B114, Sheet1!$C:$C, C114, Sheet1!$D:$D, D114, Sheet1!$E:$E, E114 ) = 0, "NO MATCH IN TARGET", "MATCHED") -> MATCHED
A115: 46334.692 | B115: ARE&MEQ | C115: B | D115: 30 | E115: 860 | H115: =IF(COUNTIFS( Sheet1!$B:$B, B115, Sheet1!$C:$C, C115, Sheet1!$D:$D, D115, Sheet1!$E:$E, E115 ) = 0, "NO MATCH IN TARGET", "MATCHED") -> MATCHED
A116: 46248.771 | B116: E2EEQ | C116: B | D116: 5 | E116: 604 | H116: =IF(COUNTIFS( Sheet1!$B:$B, B116, Sheet1!$C:$C, C116, Sheet1!$D:$D, D116, Sheet1!$E:$E, E116 ) = 0, "NO MATCH IN TARGET", "MATCHED") -> MATCHED
A117: ######## | B117: ABBEQ | C117: B | D117: 1 | E117: 6920 | H117: =IF(COUNTIFS( Sheet1!$B:$B, B117, Sheet1!$C:$C, C117, Sheet1!$D:$D, D117, Sheet1!$E:$E, E117 ) = 0, "NO MATCH IN TARGET", "MATCHED") -> MATCHED
A118: 46247.635 | B118: SOLARINDSEQ | C118: B | D118: 1 | E118: 18052 | H118: =IF(COUNTIFS( Sheet1!$B:$B, B118, Sheet1!$C:$C, C118, Sheet1!$D:$D, D118, Sheet1!$E:$E, E118 ) = 0, "NO MATCH IN TARGET", "MATCHED") -> MATCHED
A119: 46246.635 | B119: BDLEQ | C119: B | D119: 10 | E119: 1260 | H119: =IF(COUNTIFS( Sheet1!$B:$B, B119, Sheet1!$C:$C, C119, Sheet1!$D:$D, D119, Sheet1!$E:$E, E119 ) = 0, "NO MATCH IN TARGET", "MATCHED") -> MATCHED
A120: 46334.692 | B120: ARE&MEQ | C120: B | D120: 5 | E120: 852 | H120: =IF(COUNTIFS( Sheet1!$B:$B, B120, Sheet1!$C:$C, C120, Sheet1!$D:$D, D120, Sheet1!$E:$E, E120 ) = 0, "NO MATCH IN TARGET", "MATCHED") -> MATCHED
A121: 46248.769 | B121: ZENTECEQ | C121: B | D121: 10 | E121: 1666 | H121: =IF(COUNTIFS( Sheet1!$B:$B, B121, Sheet1!$C:$C, C121, Sheet1!$D:$D, D121, Sheet1!$E:$E, E121 ) = 0, "NO MATCH IN TARGET", "MATCHED") -> MATCHED
A122: 46246.635 | B122: BDLEQ | C122: B | D122: 10 | E122: 1251 | H122: =IF(COUNTIFS( Sheet1!$B:$B, B122, Sheet1!$C:$C, C122, Sheet1!$D:$D, D122, Sheet1!$E:$E, E122 ) = 0, "NO MATCH IN TARGET", "MATCHED") -> MATCHED
A123: 46246.69 | B123: ITBEESEQ | C123: B | D123: 200 | E123: 31.01 | H123: =IF(COUNTIFS( Sheet1!$B:$B, B123, Sheet1!$C:$C, C123, Sheet1!$D:$D, D123, Sheet1!$E:$E, E123 ) = 0, "NO MATCH IN TARGET", "MATCHED") -> MATCHED
A124: 46240.635 | B124: HALEQ | C124: B | D124: 2 | E124: 4456 | H124: =IF(COUNTIFS( Sheet1!$B:$B, B124, Sheet1!$C:$C, C124, Sheet1!$D:$D, D124, Sheet1!$E:$E, E124 ) = 0, "NO MATCH IN TARGET", "MATCHED") -> MATCHED
A125: 46181.688 | B125: GOLDBEESEQ | C125: B | D125: 100 | E125: 111 | H125: =IF(COUNTIFS( Sheet1!$B:$B, B125, Sheet1!$C:$C, C125, Sheet1!$D:$D, D125, Sheet1!$E:$E, E125 ) = 0, "NO MATCH IN TARGET", "MATCHED") -> MATCHED
A126: ######## | B126: PRINCEPIPEEQ | C126: B | D126: 10 | E126: 251 | H126: =IF(COUNTIFS( Sheet1!$B:$B, B126, Sheet1!$C:$C, C126, Sheet1!$D:$D, D126, Sheet1!$E:$E, E126 ) = 0, "NO MATCH IN TARGET", "MATCHED") -> MATCHED
A127: ######## | B127: SONACOMSEQ | C127: B | D127: 4 | E127: 701 | H127: =IF(COUNTIFS( Sheet1!$B:$B, B127, Sheet1!$C:$C, C127, Sheet1!$D:$D, D127, Sheet1!$E:$E, E127 ) = 0, "NO MATCH IN TARGET", "MATCHED") -> MATCHED
A128: 46241.688 | B128: NETWEBEQ | C128: B | D128: 2 | E128: 4410 | H128: =IF(COUNTIFS( Sheet1!$B:$B, B128, Sheet1!$C:$C, C128, Sheet1!$D:$D, D128, Sheet1!$E:$E, E128 ) = 0, "NO MATCH IN TARGET", "MATCHED") -> MATCHED
A129: 46239.789 | B129: EXIDEINDEQ | C129: B | D129: 5 | E129: 419 | H129: =IF(COUNTIFS( Sheet1!$B:$B, B129, Sheet1!$C:$C, C129, Sheet1!$D:$D, D129, Sheet1!$E:$E, E129 ) = 0, "NO MATCH IN TARGET", "MATCHED") -> MATCHED
A130: 46150.635 | B130: HALEQ | C130: B | D130: 15 | E130: 4415 | H130: =IF(COUNTIFS( Sheet1!$B:$B, B130, Sheet1!$C:$C, C130, Sheet1!$D:$D, D130, Sheet1!$E:$E, E130 ) = 0, "NO MATCH IN TARGET", "MATCHED") -> MATCHED
A131: 46244.635 | B131: MCXEQ | C131: B | D131: 2 | E131: 2560 | H131: =IF(COUNTIFS( Sheet1!$B:$B, B131, Sheet1!$C:$C, C131, Sheet1!$D:$D, D131, Sheet1!$E:$E, E131 ) = 0, "NO MATCH IN TARGET", "MATCHED") -> MATCHED
A132: ######## | B132: NETWEBEQ | C132: B | D132: 1 | E132: 4364 | H132: =IF(COUNTIFS( Sheet1!$B:$B, B132, Sheet1!$C:$C, C132, Sheet1!$D:$D, D132, Sheet1!$E:$E, E132 ) = 0, "NO MATCH IN TARGET", "MATCHED") -> MATCHED
A133: 46240.688 | B133: ZENTECEQ | C133: B | D133: 5 | E133: 1614 | H133: =IF(COUNTIFS( Sheet1!$B:$B, B133, Sheet1!$C:$C, C133, Sheet1!$D:$D, D133, Sheet1!$E:$E, E133 ) = 0, "NO MATCH IN TARGET", "MATCHED") -> MATCHED
A134: 46150.79 | B134: TMCVEQ | C134: B | D134: 7 | E134: 411 | H134: =IF(COUNTIFS( Sheet1!$B:$B, B134, Sheet1!$C:$C, C134, Sheet1!$D:$D, D134, Sheet1!$E:$E, E134 ) = 0, "NO MATCH IN TARGET", "MATCHED") -> MATCHED
A135: ######## | B135: EXIDEINDEQ | C135: B | D135: 29 | E135: 401 | H135: =IF(COUNTIFS( Sheet1!$B:$B, B135, Sheet1!$C:$C, C135, Sheet1!$D:$D, D135, Sheet1!$E:$E, E135 ) = 0, "NO MATCH IN TARGET", "MATCHED") -> MATCHED
A136: ######## | B136: NETWEBEQ | C136: B | D136: 1 | E136: 4164 | H136: =IF(COUNTIFS( Sheet1!$B:$B, B136, Sheet1!$C:$C, C136, Sheet1!$D:$D, D136, Sheet1!$E:$E, E136 ) = 0, "NO MATCH IN TARGET", "MATCHED") -> MATCHED
A137: ######## | B137: NETWEBEQ | C137: B | D137: 1 | E137: 4014 | H137: =IF(COUNTIFS( Sheet1!$B:$B, B137, Sheet1!$C:$C, C137, Sheet1!$D:$D, D137, Sheet1!$E:$E, E137 ) = 0, "NO MATCH IN TARGET", "MATCHED") -> MATCHED
A138: ######## | B138: NETWEBEQ | C138: B | D138: 1 | E138: 3914 | H138: =IF(COUNTIFS( Sheet1!$B:$B, B138, Sheet1!$C:$C, C138, Sheet1!$D:$D, D138, Sheet1!$E:$E, E138 ) = 0, "NO MATCH IN TARGET", "MATCHED") -> MATCHED
A139: 46244.767 | B139: AARTIPHARMEQ | C139: B | D139: 2 | E139: 660 | H139: =IF(COUNTIFS( Sheet1!$B:$B, B139, Sheet1!$C:$C, C139, Sheet1!$D:$D, D139, Sheet1!$E:$E, E139 ) = 0, "NO MATCH IN TARGET", "MATCHED") -> MATCHED
A140: 46248.636 | B140: KFINTECHEQ | C140: S | D140: 10 | E140: 947 | H140: =IF(COUNTIFS( Sheet1!$B:$B, B140, Sheet1!$C:$C, C140, Sheet1!$D:$D, D140, Sheet1!$E:$E, E140 ) = 0, "NO MATCH IN TARGET", "MATCHED") -> MATCHED
A141: 46248.645 | B141: CGPOWEREQ | C141: S | D141: 20 | E141: 896 | H141: =IF(COUNTIFS( Sheet1!$B:$B, B141, Sheet1!$C:$C, C141, Sheet1!$D:$D, D141, Sheet1!$E:$E, E141 ) = 0, "NO MATCH IN TARGET", "MATCHED") -> MATCHED
A142: 46248.769 | B142: SILVERBEESEQ | C142: S | D142: 100 | E142: 223 | H142: =IF(COUNTIFS( Sheet1!$B:$B, B142, Sheet1!$C:$C, C142, Sheet1!$D:$D, D142, Sheet1!$E:$E, E142 ) = 0, "NO MATCH IN TARGET", "MATCHED") -> MATCHED
A143: 46248.645 | B143: KFINTECHEQ | C143: S | D143: 10 | E143: 957 | H143: =IF(COUNTIFS( Sheet1!$B:$B, B143, Sheet1!$C:$C, C143, Sheet1!$D:$D, D143, Sheet1!$E:$E, E143 ) = 0, "NO MATCH IN TARGET", "MATCHED") -> MATCHED
A144: 46248.645 | B144: LTEQ | C144: S | D144: 5 | E144: 4129 | H144: =IF(COUNTIFS( Sheet1!$B:$B, B144, Sheet1!$C:$C, C144, Sheet1!$D:$D, D144, Sheet1!$E:$E, E144 ) = 0, "NO MATCH IN TARGET", "MATCHED") -> MATCHED
A145: 46248.769 | B145: IGILEQ | C145: S | D145: 50 | E145: 353 | H145: =IF(COUNTIFS( Sheet1!$B:$B, B145, Sheet1!$C:$C, C145, Sheet1!$D:$D, D145, Sheet1!$E:$E, E145 ) = 0, "NO MATCH IN TARGET", "MATCHED") -> MATCHED
A146: 46248.645 | B146: RVNLEQ | C146: S | D146: 200 | E146: 232 | H146: =IF(COUNTIFS( Sheet1!$B:$B, B146, Sheet1!$C:$C, C146, Sheet1!$D:$D, D146, Sheet1!$E:$E, E146 ) = 0, "NO MATCH IN TARGET", "MATCHED") -> MATCHED
A147: 46248.769 | B147: GRSEEQ | C147: S | D147: 10 | E147: 2672 | H147: =IF(COUNTIFS( Sheet1!$B:$B, B147, Sheet1!$C:$C, C147, Sheet1!$D:$D, D147, Sheet1!$E:$E, E147 ) = 0, "NO MATCH IN TARGET", "MATCHED") -> MATCHED
A148: 46248.769 | B148: MOSCHIPEQ | C148: S | D148: 50 | E148: 214 | H148: =IF(COUNTIFS( Sheet1!$B:$B, B148, Sheet1!$C:$C, C148, Sheet1!$D:$D, D148, Sheet1!$E:$E, E148 ) = 0, "NO MATCH IN TARGET", "MATCHED") -> MATCHED
A149: 46248.645 | B149: MAXHEALTHEQ | C149: S | D149: 15 | E149: 1040 | H149: =IF(COUNTIFS( Sheet1!$B:$B, B149, Sheet1!$C:$C, C149, Sheet1!$D:$D, D149, Sheet1!$E:$E, E149 ) = 0, "NO MATCH IN TARGET", "MATCHED") -> MATCHED
A150: 46248.645 | B150: CAMSEQ | C150: S | D150: 25 | E150: 784 | H150: =IF(COUNTIFS( Sheet1!$B:$B, B150, Sheet1!$C:$C, C150, Sheet1!$D:$D, D150, Sheet1!$E:$E, E150 ) = 0, "NO MATCH IN TARGET", "MATCHED") -> MATCHED
... A202: 46364.635 | B202: HDFCAMCEQ | C202: S | D202: 2 | E202: 2690 | H202: =IF(COUNTIFS( Sheet1!$B:$B, B202, Sheet1!$C:$C, C202, Sheet1!$D:$D, D202, Sheet1!$E:$E, E202 ) = 0, "NO MATCH IN TARGET", "MATCHED") -> MATCHED
A203: ######## | B203: KFINTECHEQ | C203: S | D203: 10 | E203: 1024 | H203: =IF(COUNTIFS( Sheet1!$B:$B, B203, Sheet1!$C:$C, C203, Sheet1!$D:$D, D203, Sheet1!$E:$E, E203 ) = 0, "NO MATCH IN TARGET", "MATCHED") -> MATCHED
A204: 46247.635 | B204: KAYNESEQ | C204: S | D204: 5 | E204: 3980 | H204: =IF(COUNTIFS( Sheet1!$B:$B, B204, Sheet1!$C:$C, C204, Sheet1!$D:$D, D204, Sheet1!$E:$E, E204 ) = 0, "NO MATCH IN TARGET", "MATCHED") -> MATCHED
...

Sheet Rough
A1: Date | B1: Stock | C1: Order Type (Buy/Sell) | D1: Quantity | E1: Price | F1: Status
A2: 17 AUG 2026 04:31:38 PM | B2: KERNEXEQ | C2: S | D2: 3 | E2: 1896 | F2: Expired
A3: 17 AUG 2026 04:31:38 PM | B3: KERNEXEQ | C3: B | D3: 2 | E3: 1664 | F3: Expired
A4: 17 AUG 2026 04:31:38 PM | B4: KERNEXEQ | C4: S | D4: 5 | E4: 1914 | F4: Expired
A5: 17 AUG 2026 04:31:38 PM | B5: KERNEXEQ | C5: S | D5: 5 | E5: 2014 | F5: Expired
A6: 17 AUG 2026 04:31:38 PM | B6: KERNEXEQ | C6: S | D6: 5 | E6: 2094 | F6: Expired
A7: 17 AUG 2026 04:31:38 PM | B7: KERNEXEQ | C7: S | D7: 20 | E7: 2310 | F7: Expired
A8: 17 AUG 2026 04:31:38 PM | B8: KERNEXEQ | C8: S | D8: 10 | E8: 2189 | F8: Expired
A9: 17 AUG 2026 04:31:38 PM | B9: KERNEXEQ | C9: S | D9: 10 | E9: 2114 | F9: Expired
A10: 46247.69 | B10: KERNEXEQ | C10: S | D10: 1 | E10: 2494 | F10: Expired
A11: 17 AUG 2026 02:14:08 PM | B11: KERNEXEQ | C11: B | D11: 3 | E11: 1714 | F11: Executed
A12: 17 AUG 2026 02:02:34 PM | B12: KERNEXEQ | C12: B | D12: 2 | E12: 1776 | F12: Executed
A13: 17 AUG 2026 12:09:03 PM | B13: KERNEXEQ | C13: S | D13: 3 | E13: 2496 | F13: Expired
A14: 17 AUG 2026 10:28:54 AM | B14: KERNEXEQ | C14: B | D14: 2 | E14: 1864 | F14: Executed
A15: 17 AUG 2026 12:30:22 PM | B15: KERNEXEQ | C15: B | D15: 3 | E15: 1814 | F15: Executed
A16: 17 AUG 2026 10:28:23 AM | B16: KERNEXEQ | C16: B | D16: 3 | E16: 1914 | F16: Executed
A17: 17 AUG 2026 09:01:04 AM | B17: KERNEXEQ | C17: B | D17: 5 | E17: 1964 | F17: Executed
