Workbook

Sheet Sheet1
A1: Date | B1: Stock | C1: Order Type (Buy/Sell) | D1: Quantity | E1: Price | F1: Status | H1: NSE Code | I1: Latest Recorded Price
A2: 46234.688 | B2: NETWEBEQ | C2: B | D2: 1 | E2: 3914 | F2: Expired | G2: =((E2-I2)/I2)*100 -> -18.305155 | H2: NSE:NETWEB | I2: 4791 | M2: =IF(COUNTIFS( $B$2:$B$976, B2, $C$2:$C$976, C2, $D$2:$D$976, D2, $E$2:$E$976, E2) > 1, "Duplicate", "Unique") -> Unique
A3: 46234.688 | B3: NETWEBEQ | C3: B | D3: 1 | E3: 4014 | F3: Expired | G3: =((E3-I3)/I3)*100 -> -16.217909 | H3: NSE:NETWEB | I3: 4791 | M3: =IF(COUNTIFS( $B$2:$B$976, B3, $C$2:$C$976, C3, $D$2:$D$976, D3, $E$2:$E$976, E3) > 1, "Duplicate", "Unique") -> Unique
A4: 46237.769 | B4: KERNEXEQ | C4: B | D4: 1 | E4: 2064 | F4: Expired | G4: =((E4-I4)/I4)*100 -> -15.823817 | H4: NSE:KERNEX | I4: 2452 | M4: =IF(COUNTIFS( $B$2:$B$976, B4, $C$2:$C$976, C4, $D$2:$D$976, D4, $E$2:$E$976, E4) > 1, "Duplicate", "Unique") -> Unique
A5: 46237.69 | B5: EXIDEINDEQ | C5: B | D5: 29 | E5: 401 | F5: Expired | G5: =((E5-I5)/I5)*100 -> -15.507796 | H5: NSE:EXIDEIND | I5: 474.6 | M5: =IF(COUNTIFS( $B$2:$B$976, B5, $C$2:$C$976, C5, $D$2:$D$976, D5, $E$2:$E$976, E5) > 1, "Duplicate", "Unique") -> Unique
A6: 05 AUG 2026 06:56:58 PM | B6: SENCOEQ | C6: B | D6: 25 | E6: 336 | F6: Expired | G6: =((E6-I6)/I6)*100 -> -13.167076 | H6: NSE:SENCO | I6: 386.95 | M6: =IF(COUNTIFS( $B$2:$B$976, B6, $C$2:$C$976, C6, $D$2:$D$976, D6, $E$2:$E$976, E6) > 1, "Duplicate", "Unique") -> Unique
A7: 46237.69 | B7: NETWEBEQ | C7: B | D7: 1 | E7: 4164 | F7: Expired | G7: =((E7-I7)/I7)*100 -> -13.087038 | H7: NSE:NETWEB | I7: 4791 | M7: =IF(COUNTIFS( $B$2:$B$976, B7, $C$2:$C$976, C7, $D$2:$D$976, D7, $E$2:$E$976, E7) > 1, "Duplicate", "Unique") -> Unique
A8: 06 AUG 2026 04:30:41 PM | B8: KERNEXEQ | C8: B | D8: 2 | E8: 2164 | F8: Expired | G8: =((E8-I8)/I8)*100 -> -11.745514 | H8: NSE:KERNEX | I8: 2452 | M8: =IF(COUNTIFS( $B$2:$B$976, B8, $C$2:$C$976, C8, $D$2:$D$976, D8, $E$2:$E$976, E8) > 1, "Duplicate", "Unique") -> Unique
A9: 05 AUG 2026 06:56:58 PM | B9: EXIDEINDEQ | C9: B | D9: 5 | E9: 419 | F9: Expired | G9: =((E9-I9)/I9)*100 -> -11.715129 | H9: NSE:EXIDEIND | I9: 474.6 | M9: =IF(COUNTIFS( $B$2:$B$976, B9, $C$2:$C$976, C9, $D$2:$D$976, D9, $E$2:$E$976, E9) > 1, "Duplicate", "Unique") -> Unique
A10: 46237.636 | B10: SONACOMSEQ | C10: B | D10: 4 | E10: 701 | F10: Expired | G10: =((E10-I10)/I10)*100 -> -11.204003 | H10: NSE:SONACOMS | I10: 789.45 | M10: =IF(COUNTIFS( $B$2:$B$976, B10, $C$2:$C$976, C10, $D$2:$D$976, D10, $E$2:$E$976, E10) > 1, "Duplicate", "Unique") -> Unique
A11: 46237.769 | B11: IGILEQ | C11: B | D11: 100 | E11: 322 | F11: Expired | G11: =((E11-I11)/I11)*100 -> -10.555556 | H11: NSE:IGIL | I11: 360 | M11: =IF(COUNTIFS( $B$2:$B$976, B11, $C$2:$C$976, C11, $D$2:$D$976, D11, $E$2:$E$976, E11) > 1, "Duplicate", "Unique") -> Unique
A12: 46237.635 | B12: ABBEQ | C12: B | D12: 1 | E12: 6920 | F12: Expired | G12: =((E12-I12)/I12)*100 -> -10.536522 | H12: NSE:ABB | I12: 7735 | M12: =IF(COUNTIFS( $B$2:$B$976, B12, $C$2:$C$976, C12, $D$2:$D$976, D12, $E$2:$E$976, E12) > 1, "Duplicate", "Unique") -> Unique
A13: 05 AUG 2026 03:15:10 PM | B13: HALEQ | C13: B | D13: 15 | E13: 4415 | F13: Expired | G13: =((E13-I13)/I13)*100 -> -10.518849 | H13: NSE:HAL | I13: 4934 | M13: =IF(COUNTIFS( $B$2:$B$976, B13, $C$2:$C$976, C13, $D$2:$D$976, D13, $E$2:$E$976, E13) > 1, "Duplicate", "Unique") -> Unique
A14: 05 AUG 2026 06:57:00 PM | B14: TMCVEQ | C14: B | D14: 7 | E14: 411 | F14: Expired | G14: =((E14-I14)/I14)*100 -> -10.301179 | H14: NSE:TMCV | I14: 458.2 | M14: =IF(COUNTIFS( $B$2:$B$976, B14, $C$2:$C$976, C14, $D$2:$D$976, D14, $E$2:$E$976, E14) > 1, "Duplicate", "Unique") -> Unique
A15: 46237.769 | B15: ITBEESEQ | C15: B | D15: 200 | E15: 31.01 | F15: Expired | G15: =((E15-I15)/I15)*100 -> -10.297946 | H15: NSE:ITBEES | I15: 34.57 | M15: =IF(COUNTIFS( $B$2:$B$976, B15, $C$2:$C$976, C15, $D$2:$D$976, D15, $E$2:$E$976, E15) > 1, "Duplicate", "Unique") -> Unique
A16: 46238.69 | B16: SCIEQ | C16: B | D16: 37 | E16: 277 | F16: Expired | G16: =((E16-I16)/I16)*100 -> -10.181582 | H16: NSE:SCI | I16: 308.4 | M16: =IF(COUNTIFS( $B$2:$B$976, B16, $C$2:$C$976, C16, $D$2:$D$976, D16, $E$2:$E$976, E16) > 1, "Duplicate", "Unique") -> Unique
A17: 06 AUG 2026 03:15:12 PM | B17: HALEQ | C17: B | D17: 2 | E17: 4456 | F17: Expired | G17: =((E17-I17)/I17)*100 -> -9.68788 | H17: NSE:HAL | I17: 4934 | M17: =IF(COUNTIFS( $B$2:$B$976, B17, $C$2:$C$976, C17, $D$2:$D$976, D17, $E$2:$E$976, E17) > 1, "Duplicate", "Unique") -> Unique
A18: 06 AUG 2026 04:30:48 PM | B18: JUSTDIALEQ | C18: B | D18: 30 | E18: 620 | F18: Expired | G18: =((E18-I18)/I18)*100 -> -9.3169519 | H18: NSE:JUSTDIAL | I18: 683.7 | M18: =IF(COUNTIFS( $B$2:$B$976, B18, $C$2:$C$976, C18, $D$2:$D$976, D18, $E$2:$E$976, E18) > 1, "Duplicate", "Unique") -> Unique
A19: 06 AUG 2026 04:30:44 PM | B19: GOLDBEESEQ | C19: B | D19: 100 | E19: 111 | F19: Expired | G19: =((E19-I19)/I19)*100 -> -9.2395748 | H19: NSE:GOLDBEES | I19: 122.3 | M19: =IF(COUNTIFS( $B$2:$B$976, B19, $C$2:$C$976, C19, $D$2:$D$976, D19, $E$2:$E$976, E19) > 1, "Duplicate", "Unique") -> Unique
A20: 46237.769 | B20: IGILEQ | C20: B | D20: 100 | E20: 327 | F20: Expired | G20: =((E20-I20)/I20)*100 -> -9.1666667 | H20: NSE:IGIL | I20: 360 | M20: =IF(COUNTIFS( $B$2:$B$976, B20, $C$2:$C$976, C20, $D$2:$D$976, D20, $E$2:$E$976, E20) > 1, "Duplicate", "Unique") -> Unique
A21: 06 AUG 2026 04:30:41 PM | B21: LALPATHLABEQ | C21: B | D21: 4 | E21: 1751 | F21: Expired | G21: =((E21-I21)/I21)*100 -> -9.1475121 | H21: NSE:LALPATHLAB | I21: 1927.3 | M21: =IF(COUNTIFS( $B$2:$B$976, B21, $C$2:$C$976, C21, $D$2:$D$976, D21, $E$2:$E$976, E21) > 1, "Duplicate", "Unique") -> Unique
A22: 06 AUG 2026 04:30:46 PM | B22: SENCOEQ | C22: B | D22: 25 | E22: 352 | F22: Expired | G22: =((E22-I22)/I22)*100 -> -9.0321747 | H22: NSE:SENCO | I22: 386.95 | M22: =IF(COUNTIFS( $B$2:$B$976, B22, $C$2:$C$976, C22, $D$2:$D$976, D22, $E$2:$E$976, E22) > 1, "Duplicate", "Unique") -> Unique
A23: 46238.691 | B23: NETWEBEQ | C23: B | D23: 1 | E23: 4364 | F23: Expired | G23: =((E23-I23)/I23)*100 -> -8.9125444 | H23: NSE:NETWEB | I23: 4791 | M23: =IF(COUNTIFS( $B$2:$B$976, B23, $C$2:$C$976, C23, $D$2:$D$976, D23, $E$2:$E$976, E23) > 1, "Duplicate", "Unique") -> Unique
A24: 46238.69 | B24: SCIEQ | C24: B | D24: 20 | E24: 281 | F24: Expired | G24: =((E24-I24)/I24)*100 -> -8.8845655 | H24: NSE:SCI | I24: 308.4 | M24: =IF(COUNTIFS( $B$2:$B$976, B24, $C$2:$C$976, C24, $D$2:$D$976, D24, $E$2:$E$976, E24) > 1, "Duplicate", "Unique") -> Unique
A25: 46233.688 | B25: TVSMOTOREQ | C25: B | D25: 2 | E25: 4010 | F25: Expired | G25: =((E25-I25)/I25)*100 -> -8.8677787 | H25: NSE:TVSMOTOR | I25: 4400.2 | M25: =IF(COUNTIFS( $B$2:$B$976, B25, $C$2:$C$976, C25, $D$2:$D$976, D25, $E$2:$E$976, E25) > 1, "Duplicate", "Unique") -> Unique
A26: 46237.69 | B26: PRINCEPIPEEQ | C26: B | D26: 10 | E26: 251 | F26: Expired | G26: =((E26-I26)/I26)*100 -> -8.7272727 | H26: NSE:PRINCEPIPE | I26: 275 | M26: =IF(COUNTIFS( $B$2:$B$976, B26, $C$2:$C$976, C26, $D$2:$D$976, D26, $E$2:$E$976, E26) > 1, "Duplicate", "Unique") -> Unique
A27: 46237.69 | B27: ARE&MEQ | C27: B | D27: 5 | E27: 852 | F27: Expired | G27: =((E27-I27)/I27)*100 -> -8.2044928 | H27: NSE:ARE&M | I27: 928.15 | M27: =IF(COUNTIFS( $B$2:$B$976, B27, $C$2:$C$976, C27, $D$2:$D$976, D27, $E$2:$E$976, E27) > 1, "Duplicate", "Unique") -> Unique
A28: 46237.769 | B28: IGILEQ | C28: B | D28: 100 | E28: 331 | F28: Expired | G28: =((E28-I28)/I28)*100 -> -8.0555556 | H28: NSE:IGIL | I28: 360 | M28: =IF(COUNTIFS( $B$2:$B$976, B28, $C$2:$C$976, C28, $D$2:$D$976, D28, $E$2:$E$976, E28) > 1, "Duplicate", "Unique") -> Unique
A29: 06 AUG 2026 04:30:43 PM | B29: NETWEBEQ | C29: B | D29: 2 | E29: 4410 | F29: Expired | G29: =((E29-I29)/I29)*100 -> -7.9524108 | H29: NSE:NETWEB | I29: 4791 | M29: =IF(COUNTIFS( $B$2:$B$976, B29, $C$2:$C$976, C29, $D$2:$D$976, D29, $E$2:$E$976, E29) > 1, "Duplicate", "Unique") -> Unique
A30: 46233.688 | B30: TVSMOTOREQ | C30: B | D30: 2 | E30: 4060 | F30: Expired | G30: =((E30-I30)/I30)*100 -> -7.7314668 | H30: NSE:TVSMOTOR | I30: 4400.2 | M30: =IF(COUNTIFS( $B$2:$B$976, B30, $C$2:$C$976, C30, $D$2:$D$976, D30, $E$2:$E$976, E30) > 1, "Duplicate", "Unique") -> Unique
A31: 06 AUG 2026 04:30:41 PM | B31: KERNEXEQ | C31: B | D31: 1 | E31: 2264 | F31: Expired | G31: =((E31-I31)/I31)*100 -> -7.6672104 | H31: NSE:KERNEX | I31: 2452 | M31: =IF(COUNTIFS( $B$2:$B$976, B31, $C$2:$C$976, C31, $D$2:$D$976, D31, $E$2:$E$976, E31) > 1, "Duplicate", "Unique") -> Unique
A32: 06 AUG 2026 03:15:12 PM | B32: HALEQ | C32: B | D32: 1 | E32: 4560 | F32: Expired | G32: =((E32-I32)/I32)*100 -> -7.5800567 | H32: NSE:HAL | I32: 4934 | M32: =IF(COUNTIFS( $B$2:$B$976, B32, $C$2:$C$976, C32, $D$2:$D$976, D32, $E$2:$E$976, E32) > 1, "Duplicate", "Unique") -> Unique
A33: 05 AUG 2026 03:15:10 PM | B33: BAJFINANCEEQ | C33: B | D33: 4 | E33: 1066 | F33: Expired | G33: =((E33-I33)/I33)*100 -> -7.4652778 | H33: NSE:BAJFINANCE | I33: 1152 | M33: =IF(COUNTIFS( $B$2:$B$976, B33, $C$2:$C$976, C33, $D$2:$D$976, D33, $E$2:$E$976, E33) > 1, "Duplicate", "Unique") -> Unique
A34: 46233.688 | B34: LTEQ | C34: B | D34: 2 | E34: 3760 | F34: Expired | G34: =((E34-I34)/I34)*100 -> -7.4302034 | H34: NSE:LT | I34: 4061.8 | M34: =IF(COUNTIFS( $B$2:$B$976, B34, $C$2:$C$976, C34, $D$2:$D$976, D34, $E$2:$E$976, E34) > 1, "Duplicate", "Unique") -> Unique
A35: 05 AUG 2026 03:15:09 PM | B35: SBINEQ | C35: B | D35: 15 | E35: 1005 | F35: Expired | G35: =((E35-I35)/I35)*100 -> -7.4244657 | H35: NSE:SBIN | I35: 1085.6 | M35: =IF(COUNTIFS( $B$2:$B$976, B35, $C$2:$C$976, C35, $D$2:$D$976, D35, $E$2:$E$976, E35) > 1, "Duplicate", "Unique") -> Unique
A36: 05 AUG 2026 06:56:59 PM | B36: ARE&MEQ | C36: B | D36: 30 | E36: 860 | F36: Expired | G36: =((E36-I36)/I36)*100 -> -7.3425632 | H36: NSE:ARE&M | I36: 928.15 | M36: =IF(COUNTIFS( $B$2:$B$976, B36, $C$2:$C$976, C36, $D$2:$D$976, D36, $E$2:$E$976, E36) > 1, "Duplicate", "Unique") -> Unique
A37: 46238.636 | B37: CGPOWEREQ | C37: B | D37: 5 | E37: 812 | F37: Expired | G37: =((E37-I37)/I37)*100 -> -7.3059361 | H37: NSE:CGPOWER | I37: 876 | M37: =IF(COUNTIFS( $B$2:$B$976, B37, $C$2:$C$976, C37, $D$2:$D$976, D37, $E$2:$E$976, E37) > 1, "Duplicate", "Unique") -> Unique
A38: 06 AUG 2026 04:30:38 PM | B38: SCIEQ | C38: B | D38: 20 | E38: 286 | F38: Expired | G38: =((E38-I38)/I38)*100 -> -7.2632944 | H38: NSE:SCI | I38: 308.4 | M38: =IF(COUNTIFS( $B$2:$B$976, B38, $C$2:$C$976, C38, $D$2:$D$976, D38, $E$2:$E$976, E38) > 1, "Duplicate", "Unique") -> Unique
A39: 06 AUG 2026 03:15:14 PM | B39: TRENTEQ | C39: B | D39: 5 | E39: 2888 | F39: Expired | G39: =((E39-I39)/I39)*100 -> -7.0515915 | H39: NSE:TRENT | I39: 3107.1 | M39: =IF(COUNTIFS( $B$2:$B$976, B39, $C$2:$C$976, C39, $D$2:$D$976, D39, $E$2:$E$976, E39) > 1, "Duplicate", "Unique") -> Unique
A40: 05 AUG 2026 04:43:15 PM | B40: IGILEQ | C40: B | D40: 100 | E40: 335 | F40: Expired | G40: =((E40-I40)/I40)*100 -> -6.9444444 | H40: NSE:IGIL | I40: 360 | M40: =IF(COUNTIFS( $B$2:$B$976, B40, $C$2:$C$976, C40, $D$2:$D$976, D40, $E$2:$E$976, E40) > 1, "Duplicate", "Unique") -> Unique
A41: 06 AUG 2026 04:30:41 PM | B41: ZENTECEQ | C41: B | D41: 5 | E41: 1614 | F41: Expired | G41: =((E41-I41)/I41)*100 -> -6.8667051 | H41: NSE:ZENTEC | I41: 1733 | M41: =IF(COUNTIFS( $B$2:$B$976, B41, $C$2:$C$976, C41, $D$2:$D$976, D41, $E$2:$E$976, E41) > 1, "Duplicate", "Unique") -> Unique
A42: 05 AUG 2026 07:02:43 PM | B42: E2EEQ | C42: B | D42: 5 | E42: 560 | F42: Expired | G42: =((E42-I42)/I42)*100 -> -6.6666667 | H42: NSE:E2E | I42: 600 | M42: =IF(COUNTIFS( $B$2:$B$976, B42, $C$2:$C$976, C42, $D$2:$D$976, D42, $E$2:$E$976, E42) > 1, "Duplicate", "Unique") -> Unique
A43: 46237.636 | B43: TVSMOTOREQ | C43: B | D43: 1 | E43: 4110 | F43: Expired | G43: =((E43-I43)/I43)*100 -> -6.5951548 | H43: NSE:TVSMOTOR | I43: 4400.2 | M43: =IF(COUNTIFS( $B$2:$B$976, B43, $C$2:$C$976, C43, $D$2:$D$976, D43, $E$2:$E$976, E43) > 1, "Duplicate", "Unique") -> Unique
A44: 46237.636 | B44: RVNLEQ | C44: B | D44: 20 | E44: 220.1 | F44: Expired | G44: =((E44-I44)/I44)*100 -> -6.420068 | H44: NSE:RVNL | I44: 235.2 | M44: =IF(COUNTIFS( $B$2:$B$976, B44, $C$2:$C$976, C44, $D$2:$D$976, D44, $E$2:$E$976, E44) > 1, "Duplicate", "Unique") -> Unique
A45: 06 AUG 2026 04:30:40 PM | B45: GRSEEQ | C45: B | D45: 30 | E45: 2435 | F45: Expired | G45: =((E45-I45)/I45)*100 -> -6.4181399 | H45: NSE:GRSE | I45: 2602 | M45: =IF(COUNTIFS( $B$2:$B$976, B45, $C$2:$C$976, C45, $D$2:$D$976, D45, $E$2:$E$976, E45) > 1, "Duplicate", "Unique") -> Unique
A46: 06 AUG 2026 04:30:48 PM | B46: JUSTDIALEQ | C46: B | D46: 5 | E46: 640 | F46: Expired | G46: =((E46-I46)/I46)*100 -> -6.3916923 | H46: NSE:JUSTDIAL | I46: 683.7 | M46: =IF(COUNTIFS( $B$2:$B$976, B46, $C$2:$C$976, C46, $D$2:$D$976, D46, $E$2:$E$976, E46) > 1, "Duplicate", "Unique") -> Unique
A47: 05 AUG 2026 07:02:42 PM | B47: JUSTDIALEQ | C47: B | D47: 30 | E47: 640 | F47: Expired | G47: =((E47-I47)/I47)*100 -> -6.3916923 | H47: NSE:JUSTDIAL | I47: 683.7 | M47: =IF(COUNTIFS( $B$2:$B$976, B47, $C$2:$C$976, C47, $D$2:$D$976, D47, $E$2:$E$976, E47) > 1, "Duplicate", "Unique") -> Unique
A48: 05 AUG 2026 04:43:15 PM | B48: IGILEQ | C48: B | D48: 100 | E48: 337 | F48: Expired | G48: =((E48-I48)/I48)*100 -> -6.3888889 | H48: NSE:IGIL | I48: 360 | M48: =IF(COUNTIFS( $B$2:$B$976, B48, $C$2:$C$976, C48, $D$2:$D$976, D48, $E$2:$E$976, E48) > 1, "Duplicate", "Unique") -> Unique
A49: 06 AUG 2026 03:15:13 PM | B49: MAZDOCKEQ | C49: B | D49: 8 | E49: 2370 | F49: Expired | G49: =((E49-I49)/I49)*100 -> -6.3611221 | H49: NSE:MAZDOCK | I49: 2531 | M49: =IF(COUNTIFS( $B$2:$B$976, B49, $C$2:$C$976, C49, $D$2:$D$976, D49, $E$2:$E$976, E49) > 1, "Duplicate", "Unique") -> Unique
A50: 46233.688 | B50: LTEQ | C50: B | D50: 3 | E50: 3810 | F50: Expired | G50: =((E50-I50)/I50)*100 -> -6.199222 | H50: NSE:LT | I50: 4061.8 | M50: =IF(COUNTIFS( $B$2:$B$976, B50, $C$2:$C$976, C50, $D$2:$D$976, D50, $E$2:$E$976, E50) > 1, "Duplicate", "Unique") -> Unique
A51: 06 AUG 2026 03:15:12 PM | B51: HALEQ | C51: B | D51: 1 | E51: 4640 | F51: Expired | G51: =((E51-I51)/I51)*100 -> -5.9586542 | H51: NSE:HAL | I51: 4934 | M51: =IF(COUNTIFS( $B$2:$B$976, B51, $C$2:$C$976, C51, $D$2:$D$976, D51, $E$2:$E$976, E51) > 1, "Duplicate", "Unique") -> Unique
A52: 06 AUG 2026 04:30:41 PM | B52: SILVERBEESEQ | C52: B | D52: 50 | E52: 202 | F52: Expired | G52: =((E52-I52)/I52)*100 -> -5.7616049 | H52: NSE:SILVERBEES | I52: 214.35 | M52: =IF(COUNTIFS( $B$2:$B$976, B52, $C$2:$C$976, C52, $D$2:$D$976, D52, $E$2:$E$976, E52) > 1, "Duplicate", "Unique") -> Unique
A53: 46237.636 | B53: LTEQ | C53: B | D53: 2 | E53: 3830 | F53: Expired | G53: =((E53-I53)/I53)*100 -> -5.7068295 | H53: NSE:LT | I53: 4061.8 | M53: =IF(COUNTIFS( $B$2:$B$976, B53, $C$2:$C$976, C53, $D$2:$D$976, D53, $E$2:$E$976, E53) > 1, "Duplicate", "Unique") -> Unique
A54: 06 AUG 2026 03:15:12 PM | B54: MAXHEALTHEQ | C54: B | D54: 30 | E54: 1007 | F54: Expired | G54: =((E54-I54)/I54)*100 -> -5.6674473 | H54: NSE:MAXHEALTH | I54: 1067.5 | M54: =IF(COUNTIFS( $B$2:$B$976, B54, $C$2:$C$976, C54, $D$2:$D$976, D54, $E$2:$E$976, E54) > 1, "Duplicate", "Unique") -> Unique
A55: 06 AUG 2026 04:30:36 PM | B55: APOLLOTYREEQ | C55: B | D55: 40 | E55: 426 | F55: Expired | G55: =((E55-I55)/I55)*100 -> -5.5851064 | H55: NSE:APOLLOTYRE | I55: 451.2 | M55: =IF(COUNTIFS( $B$2:$B$976, B55, $C$2:$C$976, C55, $D$2:$D$976, D55, $E$2:$E$976, E55) > 1, "Duplicate", "Unique") -> Unique
A56: 06 AUG 2026 04:30:46 PM | B56: HUDCOEQ | C56: B | D56: 25 | E56: 190.1 | F56: Expired | G56: =((E56-I56)/I56)*100 -> -5.5403727 | H56: NSE:HUDCO | I56: 201.25 | M56: =IF(COUNTIFS( $B$2:$B$976, B56, $C$2:$C$976, C56, $D$2:$D$976, D56, $E$2:$E$976, E56) > 1, "Duplicate", "Unique") -> Unique
A57: 06 AUG 2026 04:30:48 PM | B57: IGILEQ | C57: B | D57: 100 | E57: 340.2 | F57: Expired | G57: =((E57-I57)/I57)*100 -> -5.5 | H57: NSE:IGIL | I57: 360 | M57: =IF(COUNTIFS( $B$2:$B$976, B57, $C$2:$C$976, C57, $D$2:$D$976, D57, $E$2:$E$976, E57) > 1, "Duplicate", "Unique") -> Unique
A58: 06 AUG 2026 03:15:15 PM | B58: COCHINSHIPEQ | C58: B | D58: 10 | E58: 1410 | F58: Expired | G58: =((E58-I58)/I58)*100 -> -5.457959 | H58: NSE:COCHINSHIP | I58: 1491.4 | M58: =IF(COUNTIFS( $B$2:$B$976, B58, $C$2:$C$976, C58, $D$2:$D$976, D58, $E$2:$E$976, E58) > 1, "Duplicate", "Unique") -> Unique
A59: 06 AUG 2026 04:30:40 PM | B59: GRSEEQ | C59: B | D59: 30 | E59: 2460 | F59: Expired | G59: =((E59-I59)/I59)*100 -> -5.4573405 | H59: NSE:GRSE | I59: 2602 | M59: =IF(COUNTIFS( $B$2:$B$976, B59, $C$2:$C$976, C59, $D$2:$D$976, D59, $E$2:$E$976, E59) > 1, "Duplicate", "Unique") -> Unique
A60: 05 AUG 2026 03:15:09 PM | B60: KFINTECHEQ | C60: B | D60: 40 | E60: 878 | F60: Expired | G60: =((E60-I60)/I60)*100 -> -5.4541539 | H60: NSE:KFINTECH | I60: 928.65 | M60: =IF(COUNTIFS( $B$2:$B$976, B60, $C$2:$C$976, C60, $D$2:$D$976, D60, $E$2:$E$976, E60) > 1, "Duplicate", "Unique") -> Unique
A61: 06 AUG 2026 03:15:14 PM | B61: TRENTEQ | C61: B | D61: 5 | E61: 2938 | F61: Expired | G61: =((E61-I61)/I61)*100 -> -5.4423739 | H61: NSE:TRENT | I61: 3107.1 | M61: =IF(COUNTIFS( $B$2:$B$976, B61, $C$2:$C$976, C61, $D$2:$D$976, D61, $E$2:$E$976, E61) > 1, "Duplicate", "Unique") -> Unique
A62: 06 AUG 2026 04:30:46 PM | B62: SENCOEQ | C62: B | D62: 5 | E62: 366 | F62: Expired | G62: =((E62-I62)/I62)*100 -> -5.4141362 | H62: NSE:SENCO | I62: 386.95 | M62: =IF(COUNTIFS( $B$2:$B$976, B62, $C$2:$C$976, C62, $D$2:$D$976, D62, $E$2:$E$976, E62) > 1, "Duplicate", "Unique") -> Unique
A63: 06 AUG 2026 03:15:12 PM | B63: SOLARINDSEQ | C63: B | D63: 1 | E63: 17552 | F63: Expired | G63: =((E63-I63)/I63)*100 -> -5.3034799 | H63: NSE:SOLARINDS | I63: 18535 | M63: =IF(COUNTIFS( $B$2:$B$976, B63, $C$2:$C$976, C63, $D$2:$D$976, D63, $E$2:$E$976, E63) > 1, "Duplicate", "Unique") -> Unique
A64: 06 AUG 2026 03:15:13 PM | B64: TCSEQ | C64: B | D64: 9 | E64: 2251 | F64: Expired | G64: =((E64-I64)/I64)*100 -> -5.2170618 | H64: NSE:TCS | I64: 2374.9 | M64: =IF(COUNTIFS( $B$2:$B$976, B64, $C$2:$C$976, C64, $D$2:$D$976, D64, $E$2:$E$976, E64) > 1, "Duplicate", "Unique") -> Unique
A65: 06 AUG 2026 03:15:14 PM | B65: NAM-INDIAEQ | C65: B | D65: 5 | E65: 1132 | F65: Expired | G65: =((E65-I65)/I65)*100 -> -5.1688029 | H65: NSE:NAM-INDIA | I65: 1193.7 | M65: =IF(COUNTIFS( $B$2:$B$976, B65, $C$2:$C$976, C65, $D$2:$D$976, D65, $E$2:$E$976, E65) > 1, "Duplicate", "Unique") -> Unique
... A69: 06 AUG 2026 04:30:40 PM | B69: GRSEEQ | C69: B | D69: 5 | E69: 2470 | F69: Expired | G69: =((E69-I69)/I69)*100 -> -5.0730208 | H69: NSE:GRSE | I69: 2602 | M69: =IF(COUNTIFS( $B$2:$B$976, B69, $C$2:$C$976, C69, $D$2:$D$976, D69, $E$2:$E$976, E69) > 1, "Duplicate", "Unique") -> Unique
A70: 46237.636 | B70: LTEQ | C70: B | D70: 2 | E70: 3856 | F70: Expired | G70: =((E70-I70)/I70)*100 -> -5.0667192 | H70: NSE:LT | I70: 4061.8 | M70: =IF(COUNTIFS( $B$2:$B$976, B70, $C$2:$C$976, C70, $D$2:$D$976, D70, $E$2:$E$976, E70) > 1, "Duplicate", "Unique") -> Unique
A71: 06 AUG 2026 04:30:36 PM | B71: ARE&MEQ | C71: B | D71: 11 | E71: 882 | F71: Expired | G71: =((E71-I71)/I71)*100 -> -4.9722566 | H71: NSE:ARE&M | I71: 928.15 | M71: =IF(COUNTIFS( $B$2:$B$976, B71, $C$2:$C$976, C71, $D$2:$D$976, D71, $E$2:$E$976, E71) > 1, "Duplicate", "Unique") -> Unique
A72: 06 AUG 2026 04:30:38 PM | B72: MAFANGEQ | C72: B | D72: 25 | E72: 196 | F72: Expired | G72: =((E72-I72)/I72)*100 -> -4.8543689 | H72: NSE:MAFANG | I72: 206 | M72: =IF(COUNTIFS( $B$2:$B$976, B72, $C$2:$C$976, C72, $D$2:$D$976, D72, $E$2:$E$976, E72) > 1, "Duplicate", "Unique") -> Unique
A73: 06 AUG 2026 03:15:15 PM | B73: COCHINSHIPEQ | C73: B | D73: 10 | E73: 1420 | F73: Expired | G73: =((E73-I73)/I73)*100 -> -4.787448 | H73: NSE:COCHINSHIP | I73: 1491.4 | M73: =IF(COUNTIFS( $B$2:$B$976, B73, $C$2:$C$976, C73, $D$2:$D$976, D73, $E$2:$E$976, E73) > 1, "Duplicate", "Unique") -> Unique
A74: 06 AUG 2026 03:15:11 PM | B74: LODHAEQ | C74: B | D74: 10 | E74: 1166 | F74: Expired | G74: =((E74-I74)/I74)*100 -> -4.7385621 | H74: NSE:LODHA | I74: 1224 | M74: =IF(COUNTIFS( $B$2:$B$976, B74, $C$2:$C$976, C74, $D$2:$D$976, D74, $E$2:$E$976, E74) > 1, "Duplicate", "Unique") -> Unique
A75: 06 AUG 2026 04:30:51 PM | B75: URBANCOEQ | C75: B | D75: 45 | E75: 136.15 | F75: Expired | G75: =((E75-I75)/I75)*100 -> -4.7302498 | H75: NSE:URBANCO | I75: 142.91 | M75: =IF(COUNTIFS( $B$2:$B$976, B75, $C$2:$C$976, C75, $D$2:$D$976, D75, $E$2:$E$976, E75) > 1, "Duplicate", "Unique") -> Unique
A76: 06 AUG 2026 03:15:15 PM | B76: CGPOWEREQ | C76: B | D76: 25 | E76: 836 | F76: Expired | G76: =((E76-I76)/I76)*100 -> -4.56621 | H76: NSE:CGPOWER | I76: 876 | M76: =IF(COUNTIFS( $B$2:$B$976, B76, $C$2:$C$976, C76, $D$2:$D$976, D76, $E$2:$E$976, E76) > 1, "Duplicate", "Unique") -> Unique
A77: 06 AUG 2026 03:15:10 PM | B77: DIXONEQ | C77: B | D77: 1 | E77: 13552 | F77: Expired | G77: =((E77-I77)/I77)*100 -> -4.5633803 | H77: NSE:DIXON | I77: 14200 | M77: =IF(COUNTIFS( $B$2:$B$976, B77, $C$2:$C$976, C77, $D$2:$D$976, D77, $E$2:$E$976, E77) > 1, "Duplicate", "Unique") -> Unique
A78: 06 AUG 2026 04:30:48 PM | B78: IGILEQ | C78: B | D78: 50 | E78: 344 | F78: Expired | G78: =((E78-I78)/I78)*100 -> -4.4444444 | H78: NSE:IGIL | I78: 360 | M78: =IF(COUNTIFS( $B$2:$B$976, B78, $C$2:$C$976, C78, $D$2:$D$976, D78, $E$2:$E$976, E78) > 1, "Duplicate", "Unique") -> Unique
A79: 06 AUG 2026 03:15:14 PM | B79: CAMSEQ | C79: B | D79: 25 | E79: 764 | F79: Expired | G79: =((E79-I79)/I79)*100 -> -4.4342986 | H79: NSE:CAMS | I79: 799.45 | M79: =IF(COUNTIFS( $B$2:$B$976, B79, $C$2:$C$976, C79, $D$2:$D$976, D79, $E$2:$E$976, E79) > 1, "Duplicate", "Unique") -> Unique
A80: 05 AUG 2026 03:15:12 PM | B80: TVSMOTOREQ | C80: B | D80: 1 | E80: 4206 | F80: Expired | G80: =((E80-I80)/I80)*100 -> -4.4134358 | H80: NSE:TVSMOTOR | I80: 4400.2 | M80: =IF(COUNTIFS( $B$2:$B$976, B80, $C$2:$C$976, C80, $D$2:$D$976, D80, $E$2:$E$976, E80) > 1, "Duplicate", "Unique") -> Unique
A81: 46233.688 | B81: INDHOTELEQ | C81: B | D81: 5 | E81: 702 | F81: Expired | G81: =((E81-I81)/I81)*100 -> -4.3466412 | H81: NSE:INDHOTEL | I81: 733.9 | M81: =IF(COUNTIFS( $B$2:$B$976, B81, $C$2:$C$976, C81, $D$2:$D$976, D81, $E$2:$E$976, E81) > 1, "Duplicate", "Unique") -> Unique
A82: 06 AUG 2026 03:15:15 PM | B82: CGPOWEREQ | C82: B | D82: 5 | E82: 838 | F82: Expired | G82: =((E82-I82)/I82)*100 -> -4.3378995 | H82: NSE:CGPOWER | I82: 876 | M82: =IF(COUNTIFS( $B$2:$B$976, B82, $C$2:$C$976, C82, $D$2:$D$976, D82, $E$2:$E$976, E82) > 1, "Duplicate", "Unique") -> Unique
A83: 06 AUG 2026 03:15:13 PM | B83: NAM-INDIAEQ | C83: B | D83: 5 | E83: 1142 | F83: Expired | G83: =((E83-I83)/I83)*100 -> -4.3310715 | H83: NSE:NAM-INDIA | I83: 1193.7 | M83: =IF(COUNTIFS( $B$2:$B$976, B83, $C$2:$C$976, C83, $D$2:$D$976, D83, $E$2:$E$976, E83) > 1, "Duplicate", "Unique") -> Unique
A84: 06 AUG 2026 04:30:40 PM | B84: GRSEEQ | C84: B | D84: 5 | E84: 2490 | F84: Expired | G84: =((E84-I84)/I84)*100 -> -4.3043812 | H84: NSE:GRSE | I84: 2602 | M84: =IF(COUNTIFS( $B$2:$B$976, B84, $C$2:$C$976, C84, $D$2:$D$976, D84, $E$2:$E$976, E84) > 1, "Duplicate", "Unique") -> Unique
A85: 46238.645 | B85: LTEQ | C85: B | D85: 5 | E85: 3888 | F85: Expired | G85: =((E85-I85)/I85)*100 -> -4.2788911 | H85: NSE:LT | I85: 4061.8 | M85: =IF(COUNTIFS( $B$2:$B$976, B85, $C$2:$C$976, C85, $D$2:$D$976, D85, $E$2:$E$976, E85) > 1, "Duplicate", "Unique") -> Unique
A86: 06 AUG 2026 04:30:45 PM | B86: ITBEESEQ | C86: B | D86: 500 | E86: 33.16 | F86: Expired | G86: =((E86-I86)/I86)*100 -> -4.0786809 | H86: NSE:ITBEES | I86: 34.57 | M86: =IF(COUNTIFS( $B$2:$B$976, B86, $C$2:$C$976, C86, $D$2:$D$976, D86, $E$2:$E$976, E86) > 1, "Duplicate", "Unique") -> Unique
A87: 06 AUG 2026 04:30:39 PM | B87: SCIEQ | C87: B | D87: 20 | E87: 296 | F87: Expired | G87: =((E87-I87)/I87)*100 -> -4.0207523 | H87: NSE:SCI | I87: 308.4 | M87: =IF(COUNTIFS( $B$2:$B$976, B87, $C$2:$C$976, C87, $D$2:$D$976, D87, $E$2:$E$976, E87) > 1, "Duplicate", "Unique") -> Unique
A88: 06 AUG 2026 03:15:15 PM | B88: CDSLEQ | C88: B | D88: 69 | E88: 1277 | F88: Expired | G88: =((E88-I88)/I88)*100 -> -3.9127163 | H88: NSE:CDSL | I88: 1329 | M88: =IF(COUNTIFS( $B$2:$B$976, B88, $C$2:$C$976, C88, $D$2:$D$976, D88, $E$2:$E$976, E88) > 1, "Duplicate", "Unique") -> Unique
A89: 06 AUG 2026 04:30:42 PM | B89: SILVERBEESEQ | C89: B | D89: 50 | E89: 206 | F89: Expired | G89: =((E89-I89)/I89)*100 -> -3.895498 | H89: NSE:SILVERBEES | I89: 214.35 | M89: =IF(COUNTIFS( $B$2:$B$976, B89, $C$2:$C$976, C89, $D$2:$D$976, D89, $E$2:$E$976, E89) > 1, "Duplicate", "Unique") -> Unique
A90: 06 AUG 2026 04:30:41 PM | B90: ZENTECEQ | C90: B | D90: 10 | E90: 1666 | F90: Expired | G90: =((E90-I90)/I90)*100 -> -3.8661281 | H90: NSE:ZENTEC | I90: 1733 | M90: =IF(COUNTIFS( $B$2:$B$976, B90, $C$2:$C$976, C90, $D$2:$D$976, D90, $E$2:$E$976, E90) > 1, "Duplicate", "Unique") -> Unique
A91: 06 AUG 2026 03:15:13 PM | B91: BDLEQ | C91: B | D91: 10 | E91: 1251 | F91: Expired | G91: =((E91-I91)/I91)*100 -> -3.6951501 | H91: NSE:BDL | I91: 1299 | M91: =IF(COUNTIFS( $B$2:$B$976, B91, $C$2:$C$976, C91, $D$2:$D$976, D91, $E$2:$E$976, E91) > 1, "Duplicate", "Unique") -> Unique
A92: 06 AUG 2026 03:15:14 PM | B92: BSEEQ | C92: B | D92: 3 | E92: 3310 | F92: Expired | G92: =((E92-I92)/I92)*100 -> -3.6390102 | H92: NSE:BSE | I92: 3435 | M92: =IF(COUNTIFS( $B$2:$B$976, B92, $C$2:$C$976, C92, $D$2:$D$976, D92, $E$2:$E$976, E92) > 1, "Duplicate", "Unique") -> Unique
A93: 06 AUG 2026 04:30:40 PM | B93: GRSEEQ | C93: B | D93: 5 | E93: 2510 | F93: Expired | G93: =((E93-I93)/I93)*100 -> -3.5357417 | H93: NSE:GRSE | I93: 2602 | M93: =IF(COUNTIFS( $B$2:$B$976, B93, $C$2:$C$976, C93, $D$2:$D$976, D93, $E$2:$E$976, E93) > 1, "Duplicate", "Unique") -> Unique
A94: 06 AUG 2026 03:15:13 PM | B94: NAM-INDIAEQ | C94: B | D94: 5 | E94: 1152 | F94: Expired | G94: =((E94-I94)/I94)*100 -> -3.49334 | H94: NSE:NAM-INDIA | I94: 1193.7 | M94: =IF(COUNTIFS( $B$2:$B$976, B94, $C$2:$C$976, C94, $D$2:$D$976, D94, $E$2:$E$976, E94) > 1, "Duplicate", "Unique") -> Unique
A95: 06 AUG 2026 04:30:48 PM | B95: JUSTDIALEQ | C95: B | D95: 5 | E95: 660 | F95: Expired | G95: =((E95-I95)/I95)*100 -> -3.4664326 | H95: NSE:JUSTDIAL | I95: 683.7 | M95: =IF(COUNTIFS( $B$2:$B$976, B95, $C$2:$C$976, C95, $D$2:$D$976, D95, $E$2:$E$976, E95) > 1, "Duplicate", "Unique") -> Unique
A96: 06 AUG 2026 03:15:15 PM | B96: COCHINSHIPEQ | C96: B | D96: 10 | E96: 1440 | F96: Expired | G96: =((E96-I96)/I96)*100 -> -3.4464262 | H96: NSE:COCHINSHIP | I96: 1491.4 | M96: =IF(COUNTIFS( $B$2:$B$976, B96, $C$2:$C$976, C96, $D$2:$D$976, D96, $E$2:$E$976, E96) > 1, "Duplicate", "Unique") -> Unique
A97: 06 AUG 2026 03:15:10 PM | B97: KFINTECHEQ | C97: B | D97: 40 | E97: 897 | F97: Expired | G97: =((E97-I97)/I97)*100 -> -3.4081732 | H97: NSE:KFINTECH | I97: 928.65 | M97: =IF(COUNTIFS( $B$2:$B$976, B97, $C$2:$C$976, C97, $D$2:$D$976, D97, $E$2:$E$976, E97) > 1, "Duplicate", "Unique") -> Unique
... A101: 06 AUG 2026 03:15:11 PM | B101: RVNLEQ | C101: B | D101: 200 | E101: 227.5 | F101: Expired | G101: =((E101-I101)/I101)*100 -> -3.2738095 | H101: NSE:RVNL | I101: 235.2 | M101: =IF(COUNTIFS( $B$2:$B$976, B101, $C$2:$C$976, C101, $D$2:$D$976, D101, $E$2:$E$976, E101) > 1, "Duplicate", "Unique") -> Unique
A102: 46238.636 | B102: MCXEQ | C102: B | D102: 2 | E102: 2552 | F102: Expired | G102: =((E102-I102)/I102)*100 -> -3.0947408 | H102: NSE:MCX | I102: 2633.5 | M102: =IF(COUNTIFS( $B$2:$B$976, B102, $C$2:$C$976, C102, $D$2:$D$976, D102, $E$2:$E$976, E102) > 1, "Duplicate", "Unique") -> Unique
A103: 06 AUG 2026 03:15:13 PM | B103: HDFCAMCEQ | C103: B | D103: 2 | E103: 2460 | F103: Expired | G103: =((E103-I103)/I103)*100 -> -3.0771049 | H103: NSE:HDFCAMC | I103: 2538.1 | M103: =IF(COUNTIFS( $B$2:$B$976, B103, $C$2:$C$976, C103, $D$2:$D$976, D103, $E$2:$E$976, E103) > 1, "Duplicate", "Unique") -> Unique
A104: 06 AUG 2026 03:15:12 PM | B104: LTEQ | C104: B | D104: 5 | E104: 3938 | F104: Expired | G104: =((E104-I104)/I104)*100 -> -3.0479098 | H104: NSE:LT | I104: 4061.8 | M104: =IF(COUNTIFS( $B$2:$B$976, B104, $C$2:$C$976, C104, $D$2:$D$976, D104, $E$2:$E$976, E104) > 1, "Duplicate", "Unique") -> Unique
A105: 06 AUG 2026 03:15:12 PM | B105: BDLEQ | C105: B | D105: 10 | E105: 1260 | F105: Expired | G105: =((E105-I105)/I105)*100 -> -3.0023095 | H105: NSE:BDL | I105: 1299 | M105: =IF(COUNTIFS( $B$2:$B$976, B105, $C$2:$C$976, C105, $D$2:$D$976, D105, $E$2:$E$976, E105) > 1, "Duplicate", "Unique") -> Unique
A106: 46237.636 | B106: INDHOTELEQ | C106: B | D106: 5 | E106: 712 | F106: Expired | G106: =((E106-I106)/I106)*100 -> -2.9840578 | H106: NSE:INDHOTEL | I106: 733.9 | M106: =IF(COUNTIFS( $B$2:$B$976, B106, $C$2:$C$976, C106, $D$2:$D$976, D106, $E$2:$E$976, E106) > 1, "Duplicate", "Unique") -> Unique
...

Sheet Sheet3
A1: Date | B1: Stock | C1: Order Type (Buy/Sell) | D1: Quantity | E1: Price | F1: Status | I1: {=_xlfn.UNIQUE(B:B)} -> Stock
A2: 06 AUG 2026 11:35:19 AM | B2: BDLEQ | C2: S | D2: 10 | E2: 1296 | F2: Executed | I2: BDLEQ
A3: 06 AUG 2026 10:33:14 AM | B3: ZENTECEQ | C3: S | D3: 10 | E3: 1729 | F3: Executed | I3: ZENTECEQ
A4: 06 AUG 2026 10:30:40 AM | B4: BSEEQ | C4: B | D4: 2 | E4: 3435 | F4: Executed | I4: BSEEQ
A5: 06 AUG 2026 09:24:47 AM | B5: MAFANGEQ | C5: S | D5: 25 | E5: 207.16 | F5: Executed | I5: MAFANGEQ
A6: 06 AUG 2026 09:22:11 AM | B6: GRSEEQ | C6: S | D6: 5 | E6: 2548 | F6: Executed | I6: GRSEEQ
A7: 06 AUG 2026 09:21:01 AM | B7: GRSEEQ | C7: B | D7: 5 | E7: 2490 | F7: Executed | I7: KFINTECHEQ
A8: 06 AUG 2026 02:13:08 PM | B8: KFINTECHEQ | C8: B | D8: 10 | E8: 927 | F8: Executed | I8: HALEQ
A9: 06 AUG 2026 09:39:38 AM | B9: GRSEEQ | C9: S | D9: 10 | E9: 2610 | F9: Executed | I9: BELEQ
A10: 06 AUG 2026 09:39:37 AM | B10: HALEQ | C10: S | D10: 1 | E10: 4890 | F10: Executed | I10: COCHINSHIPEQ
A11: 06 AUG 2026 02:37:04 PM | B11: BELEQ | C11: S | D11: 100 | E11: 399.8 | F11: Executed | I11: MAZDOCKEQ
A12: 06 AUG 2026 09:39:39 AM | B12: BSEEQ | C12: S | D12: 2 | E12: 3360 | F12: Executed | I12: MOSCHIPEQ
A13: 06 AUG 2026 09:39:37 AM | B13: BDLEQ | C13: S | D13: 10 | E13: 1280 | F13: Executed | I13: RVNLEQ
... A15: 06 AUG 2026 10:08:39 AM | B15: GRSEEQ | C15: S | D15: 10 | E15: 2590 | F15: Executed | I15: SBINEQ
A16: 06 AUG 2026 09:39:37 AM | B16: COCHINSHIPEQ | C16: S | D16: 10 | E16: 1490 | F16: Executed | I16: 0
A17: 06 AUG 2026 09:39:37 AM | B17: COCHINSHIPEQ | C17: S | D17: 10 | E17: 1460 | F17: Executed
A18: 06 AUG 2026 09:39:37 AM | B18: MAZDOCKEQ | C18: S | D18: 7 | E18: 2490 | F18: Executed
A19: 06 AUG 2026 09:40:28 AM | B19: MAZDOCKEQ | C19: S | D19: 8 | E19: 2440 | F19: Executed
A20: 06 AUG 2026 11:02:02 AM | B20: MOSCHIPEQ | C20: S | D20: 50 | E20: 209.5 | F20: Executed
A21: 06 AUG 2026 09:39:36 AM | B21: RVNLEQ | C21: S | D21: 200 | E21: 234 | F21: Executed
A22: 06 AUG 2026 09:39:36 AM | B22: SOLARINDSEQ | C22: S | D22: 1 | E22: 18698 | F22: Executed
A23: 06 AUG 2026 09:39:35 AM | B23: SBINEQ | C23: S | D23: 10 | E23: 1055 | F23: Executed

Sheet Sheet2
A1: Date | B1: Stock | C1: Order Type (Buy/Sell) | D1: Quantity | E1: Price | F1: Status
A2: 46234.688 | B2: NETWEBEQ | C2: B | D2: 1 | E2: 3914 | F2: Expired | H2: =IF(COUNTIFS( Sheet1!$B:$B, B2, Sheet1!$C:$C, C2, Sheet1!$D:$D, D2, Sheet1!$E:$E, E2 ) = 0, "NO MATCH IN TARGET", "MATCHED") -> MATCHED
A3: 46237.769 | B3: KERNEXEQ | C3: B | D3: 1 | E3: 2064 | F3: Expired | H3: =IF(COUNTIFS( Sheet1!$B:$B, B3, Sheet1!$C:$C, C3, Sheet1!$D:$D, D3, Sheet1!$E:$E, E3 ) = 0, "NO MATCH IN TARGET", "MATCHED") -> MATCHED
A4: 46234.688 | B4: NETWEBEQ | C4: B | D4: 1 | E4: 4014 | F4: Expired | H4: =IF(COUNTIFS( Sheet1!$B:$B, B4, Sheet1!$C:$C, C4, Sheet1!$D:$D, D4, Sheet1!$E:$E, E4 ) = 0, "NO MATCH IN TARGET", "MATCHED") -> MATCHED
A5: 05 AUG 2026 06:56:58 PM | B5: SENCOEQ | C5: B | D5: 25 | E5: 336 | F5: Expired | H5: =IF(COUNTIFS( Sheet1!$B:$B, B5, Sheet1!$C:$C, C5, Sheet1!$D:$D, D5, Sheet1!$E:$E, E5 ) = 0, "NO MATCH IN TARGET", "MATCHED") -> MATCHED
A6: 05 AUG 2026 07:02:45 PM | B6: KERNEXEQ | C6: B | D6: 2 | E6: 2164 | F6: Expired | H6: =IF(COUNTIFS( Sheet1!$B:$B, B6, Sheet1!$C:$C, C6, Sheet1!$D:$D, D6, Sheet1!$E:$E, E6 ) = 0, "NO MATCH IN TARGET", "MATCHED") -> MATCHED
A7: 46237.69 | B7: NETWEBEQ | C7: B | D7: 1 | E7: 4164 | F7: Expired | H7: =IF(COUNTIFS( Sheet1!$B:$B, B7, Sheet1!$C:$C, C7, Sheet1!$D:$D, D7, Sheet1!$E:$E, E7 ) = 0, "NO MATCH IN TARGET", "MATCHED") -> MATCHED
A8: 46237.636 | B8: SONACOMSEQ | C8: B | D8: 4 | E8: 701 | F8: Expired | H8: =IF(COUNTIFS( Sheet1!$B:$B, B8, Sheet1!$C:$C, C8, Sheet1!$D:$D, D8, Sheet1!$E:$E, E8 ) = 0, "NO MATCH IN TARGET", "MATCHED") -> MATCHED
A9: 46237.69 | B9: EXIDEINDEQ | C9: B | D9: 29 | E9: 401 | F9: Expired | H9: =IF(COUNTIFS( Sheet1!$B:$B, B9, Sheet1!$C:$C, C9, Sheet1!$D:$D, D9, Sheet1!$E:$E, E9 ) = 0, "NO MATCH IN TARGET", "MATCHED") -> MATCHED
A10: 05 AUG 2026 04:43:10 PM | B10: SENCOEQ | C10: B | D10: 25 | E10: 352 | F10: Expired | H10: =IF(COUNTIFS( Sheet1!$B:$B, B10, Sheet1!$C:$C, C10, Sheet1!$D:$D, D10, Sheet1!$E:$E, E10 ) = 0, "NO MATCH IN TARGET", "MATCHED") -> MATCHED
A11: 05 AUG 2026 04:43:08 PM | B11: KERNEXEQ | C11: B | D11: 1 | E11: 2264 | F11: Expired | H11: =IF(COUNTIFS( Sheet1!$B:$B, B11, Sheet1!$C:$C, C11, Sheet1!$D:$D, D11, Sheet1!$E:$E, E11 ) = 0, "NO MATCH IN TARGET", "MATCHED") -> MATCHED
A12: 46237.769 | B12: IGILEQ | C12: B | D12: 100 | E12: 322 | F12: Expired | H12: =IF(COUNTIFS( Sheet1!$B:$B, B12, Sheet1!$C:$C, C12, Sheet1!$D:$D, D12, Sheet1!$E:$E, E12 ) = 0, "NO MATCH IN TARGET", "MATCHED") -> MATCHED
A13: 46237.769 | B13: ITBEESEQ | C13: B | D13: 200 | E13: 31.01 | F13: Expired | H13: =IF(COUNTIFS( Sheet1!$B:$B, B13, Sheet1!$C:$C, C13, Sheet1!$D:$D, D13, Sheet1!$E:$E, E13 ) = 0, "NO MATCH IN TARGET", "MATCHED") -> MATCHED
A14: 46238.691 | B14: NETWEBEQ | C14: B | D14: 1 | E14: 4364 | F14: Expired | H14: =IF(COUNTIFS( Sheet1!$B:$B, B14, Sheet1!$C:$C, C14, Sheet1!$D:$D, D14, Sheet1!$E:$E, E14 ) = 0, "NO MATCH IN TARGET", "MATCHED") -> MATCHED
A15: 46237.635 | B15: ABBEQ | C15: B | D15: 1 | E15: 6920 | F15: Expired | H15: =IF(COUNTIFS( Sheet1!$B:$B, B15, Sheet1!$C:$C, C15, Sheet1!$D:$D, D15, Sheet1!$E:$E, E15 ) = 0, "NO MATCH IN TARGET", "MATCHED") -> MATCHED
A16: 05 AUG 2026 06:56:58 PM | B16: EXIDEINDEQ | C16: B | D16: 5 | E16: 419 | F16: Expired | H16: =IF(COUNTIFS( Sheet1!$B:$B, B16, Sheet1!$C:$C, C16, Sheet1!$D:$D, D16, Sheet1!$E:$E, E16 ) = 0, "NO MATCH IN TARGET", "MATCHED") -> MATCHED
A17: 05 AUG 2026 06:56:59 PM | B17: NETWEBEQ | C17: B | D17: 2 | E17: 4410 | F17: Expired | H17: =IF(COUNTIFS( Sheet1!$B:$B, B17, Sheet1!$C:$C, C17, Sheet1!$D:$D, D17, Sheet1!$E:$E, E17 ) = 0, "NO MATCH IN TARGET", "MATCHED") -> MATCHED
A18: 46233.688 | B18: TVSMOTOREQ | C18: B | D18: 2 | E18: 4010 | F18: Expired | H18: =IF(COUNTIFS( Sheet1!$B:$B, B18, Sheet1!$C:$C, C18, Sheet1!$D:$D, D18, Sheet1!$E:$E, E18 ) = 0, "NO MATCH IN TARGET", "MATCHED") -> MATCHED
A19: 46237.769 | B19: IGILEQ | C19: B | D19: 100 | E19: 327 | F19: Expired | H19: =IF(COUNTIFS( Sheet1!$B:$B, B19, Sheet1!$C:$C, C19, Sheet1!$D:$D, D19, Sheet1!$E:$E, E19 ) = 0, "NO MATCH IN TARGET", "MATCHED") -> MATCHED
A20: 46237.69 | B20: ARE&MEQ | C20: B | D20: 5 | E20: 852 | F20: Expired | H20: =IF(COUNTIFS( Sheet1!$B:$B, B20, Sheet1!$C:$C, C20, Sheet1!$D:$D, D20, Sheet1!$E:$E, E20 ) = 0, "NO MATCH IN TARGET", "MATCHED") -> MATCHED
A21: 05 AUG 2026 06:57:00 PM | B21: TMCVEQ | C21: B | D21: 7 | E21: 411 | F21: Expired | H21: =IF(COUNTIFS( Sheet1!$B:$B, B21, Sheet1!$C:$C, C21, Sheet1!$D:$D, D21, Sheet1!$E:$E, E21 ) = 0, "NO MATCH IN TARGET", "MATCHED") -> MATCHED
A22: 46237.69 | B22: PRINCEPIPEEQ | C22: B | D22: 10 | E22: 251 | F22: Expired | H22: =IF(COUNTIFS( Sheet1!$B:$B, B22, Sheet1!$C:$C, C22, Sheet1!$D:$D, D22, Sheet1!$E:$E, E22 ) = 0, "NO MATCH IN TARGET", "MATCHED") -> MATCHED
A23: 05 AUG 2026 06:56:59 PM | B23: ARE&MEQ | C23: B | D23: 30 | E23: 860 | F23: Expired | H23: =IF(COUNTIFS( Sheet1!$B:$B, B23, Sheet1!$C:$C, C23, Sheet1!$D:$D, D23, Sheet1!$E:$E, E23 ) = 0, "NO MATCH IN TARGET", "MATCHED") -> MATCHED
A24: 05 AUG 2026 06:56:58 PM | B24: SENCOEQ | C24: B | D24: 5 | E24: 366 | F24: Expired | H24: =IF(COUNTIFS( Sheet1!$B:$B, B24, Sheet1!$C:$C, C24, Sheet1!$D:$D, D24, Sheet1!$E:$E, E24 ) = 0, "NO MATCH IN TARGET", "MATCHED") -> MATCHED
A25: 46233.688 | B25: TVSMOTOREQ | C25: B | D25: 2 | E25: 4060 | F25: Expired | H25: =IF(COUNTIFS( Sheet1!$B:$B, B25, Sheet1!$C:$C, C25, Sheet1!$D:$D, D25, Sheet1!$E:$E, E25 ) = 0, "NO MATCH IN TARGET", "MATCHED") -> MATCHED
A26: 46237.769 | B26: IGILEQ | C26: B | D26: 100 | E26: 331 | F26: Expired | H26: =IF(COUNTIFS( Sheet1!$B:$B, B26, Sheet1!$C:$C, C26, Sheet1!$D:$D, D26, Sheet1!$E:$E, E26 ) = 0, "NO MATCH IN TARGET", "MATCHED") -> MATCHED
A27: 46238.636 | B27: CGPOWEREQ | C27: B | D27: 5 | E27: 812 | F27: Expired | H27: =IF(COUNTIFS( Sheet1!$B:$B, B27, Sheet1!$C:$C, C27, Sheet1!$D:$D, D27, Sheet1!$E:$E, E27 ) = 0, "NO MATCH IN TARGET", "MATCHED") -> MATCHED
A28: 46238.69 | B28: SCIEQ | C28: B | D28: 37 | E28: 277 | F28: Expired | H28: =IF(COUNTIFS( Sheet1!$B:$B, B28, Sheet1!$C:$C, C28, Sheet1!$D:$D, D28, Sheet1!$E:$E, E28 ) = 0, "NO MATCH IN TARGET", "MATCHED") -> MATCHED
A29: 05 AUG 2026 03:15:10 PM | B29: BAJFINANCEEQ | C29: B | D29: 4 | E29: 1066 | F29: Expired | H29: =IF(COUNTIFS( Sheet1!$B:$B, B29, Sheet1!$C:$C, C29, Sheet1!$D:$D, D29, Sheet1!$E:$E, E29 ) = 0, "NO MATCH IN TARGET", "MATCHED") -> MATCHED
A30: 05 AUG 2026 03:15:09 PM | B30: KFINTECHEQ | C30: B | D30: 40 | E30: 878 | F30: Expired | H30: =IF(COUNTIFS( Sheet1!$B:$B, B30, Sheet1!$C:$C, C30, Sheet1!$D:$D, D30, Sheet1!$E:$E, E30 ) = 0, "NO MATCH IN TARGET", "MATCHED") -> MATCHED
A31: 05 AUG 2026 06:57:00 PM | B31: LALPATHLABEQ | C31: B | D31: 4 | E31: 1751 | F31: Expired | H31: =IF(COUNTIFS( Sheet1!$B:$B, B31, Sheet1!$C:$C, C31, Sheet1!$D:$D, D31, Sheet1!$E:$E, E31 ) = 0, "NO MATCH IN TARGET", "MATCHED") -> MATCHED
A32: 46237.636 | B32: TVSMOTOREQ | C32: B | D32: 1 | E32: 4110 | F32: Expired | H32: =IF(COUNTIFS( Sheet1!$B:$B, B32, Sheet1!$C:$C, C32, Sheet1!$D:$D, D32, Sheet1!$E:$E, E32 ) = 0, "NO MATCH IN TARGET", "MATCHED") -> MATCHED
A33: 05 AUG 2026 04:43:15 PM | B33: IGILEQ | C33: B | D33: 100 | E33: 335 | F33: Expired | H33: =IF(COUNTIFS( Sheet1!$B:$B, B33, Sheet1!$C:$C, C33, Sheet1!$D:$D, D33, Sheet1!$E:$E, E33 ) = 0, "NO MATCH IN TARGET", "MATCHED") -> MATCHED
A34: 46237.636 | B34: TRENTEQ | C34: B | D34: 5 | E34: 2888 | F34: Expired | H34: =IF(COUNTIFS( Sheet1!$B:$B, B34, Sheet1!$C:$C, C34, Sheet1!$D:$D, D34, Sheet1!$E:$E, E34 ) = 0, "NO MATCH IN TARGET", "MATCHED") -> MATCHED
A35: 46233.688 | B35: LTEQ | C35: B | D35: 2 | E35: 3760 | F35: Expired | H35: =IF(COUNTIFS( Sheet1!$B:$B, B35, Sheet1!$C:$C, C35, Sheet1!$D:$D, D35, Sheet1!$E:$E, E35 ) = 0, "NO MATCH IN TARGET", "MATCHED") -> MATCHED
A36: 05 AUG 2026 06:56:59 PM | B36: GOLDBEESEQ | C36: B | D36: 100 | E36: 111 | F36: Expired | H36: =IF(COUNTIFS( Sheet1!$B:$B, B36, Sheet1!$C:$C, C36, Sheet1!$D:$D, D36, Sheet1!$E:$E, E36 ) = 0, "NO MATCH IN TARGET", "MATCHED") -> MATCHED
A37: 46237.636 | B37: TCSEQ | C37: B | D37: 9 | E37: 2251 | F37: Expired | H37: =IF(COUNTIFS( Sheet1!$B:$B, B37, Sheet1!$C:$C, C37, Sheet1!$D:$D, D37, Sheet1!$E:$E, E37 ) = 0, "NO MATCH IN TARGET", "MATCHED") -> MATCHED
A38: 05 AUG 2026 04:43:15 PM | B38: IGILEQ | C38: B | D38: 100 | E38: 337 | F38: Expired | H38: =IF(COUNTIFS( Sheet1!$B:$B, B38, Sheet1!$C:$C, C38, Sheet1!$D:$D, D38, Sheet1!$E:$E, E38 ) = 0, "NO MATCH IN TARGET", "MATCHED") -> MATCHED
A39: 05 AUG 2026 07:02:42 PM | B39: JUSTDIALEQ | C39: B | D39: 30 | E39: 640 | F39: Expired | H39: =IF(COUNTIFS( Sheet1!$B:$B, B39, Sheet1!$C:$C, C39, Sheet1!$D:$D, D39, Sheet1!$E:$E, E39 ) = 0, "NO MATCH IN TARGET", "MATCHED") -> MATCHED
A40: 05 AUG 2026 03:15:12 PM | B40: NAM-INDIAEQ | C40: B | D40: 5 | E40: 1132 | F40: Expired | H40: =IF(COUNTIFS( Sheet1!$B:$B, B40, Sheet1!$C:$C, C40, Sheet1!$D:$D, D40, Sheet1!$E:$E, E40 ) = 0, "NO MATCH IN TARGET", "MATCHED") -> MATCHED
A41: 05 AUG 2026 03:15:10 PM | B41: LODHAEQ | C41: B | D41: 10 | E41: 1166 | F41: Expired | H41: =IF(COUNTIFS( Sheet1!$B:$B, B41, Sheet1!$C:$C, C41, Sheet1!$D:$D, D41, Sheet1!$E:$E, E41 ) = 0, "NO MATCH IN TARGET", "MATCHED") -> MATCHED
A42: 05 AUG 2026 07:02:43 PM | B42: E2EEQ | C42: B | D42: 5 | E42: 560 | F42: Expired | H42: =IF(COUNTIFS( Sheet1!$B:$B, B42, Sheet1!$C:$C, C42, Sheet1!$D:$D, D42, Sheet1!$E:$E, E42 ) = 0, "NO MATCH IN TARGET", "MATCHED") -> MATCHED
A43: 46238.69 | B43: SCIEQ | C43: B | D43: 20 | E43: 281 | F43: Expired | H43: =IF(COUNTIFS( Sheet1!$B:$B, B43, Sheet1!$C:$C, C43, Sheet1!$D:$D, D43, Sheet1!$E:$E, E43 ) = 0, "NO MATCH IN TARGET", "MATCHED") -> MATCHED
A44: 05 AUG 2026 03:15:11 PM | B44: MAXHEALTHEQ | C44: B | D44: 30 | E44: 1007 | F44: Expired | H44: =IF(COUNTIFS( Sheet1!$B:$B, B44, Sheet1!$C:$C, C44, Sheet1!$D:$D, D44, Sheet1!$E:$E, E44 ) = 0, "NO MATCH IN TARGET", "MATCHED") -> MATCHED
A45: 05 AUG 2026 04:43:03 PM | B45: ARE&MEQ | C45: B | D45: 11 | E45: 882 | F45: Expired | H45: =IF(COUNTIFS( Sheet1!$B:$B, B45, Sheet1!$C:$C, C45, Sheet1!$D:$D, D45, Sheet1!$E:$E, E45 ) = 0, "NO MATCH IN TARGET", "MATCHED") -> MATCHED
A46: 46238.636 | B46: CAMSEQ | C46: B | D46: 25 | E46: 764 | F46: Expired | H46: =IF(COUNTIFS( Sheet1!$B:$B, B46, Sheet1!$C:$C, C46, Sheet1!$D:$D, D46, Sheet1!$E:$E, E46 ) = 0, "NO MATCH IN TARGET", "MATCHED") -> MATCHED
A47: 05 AUG 2026 04:43:14 PM | B47: HUDCOEQ | C47: B | D47: 25 | E47: 190.1 | F47: Expired | H47: =IF(COUNTIFS( Sheet1!$B:$B, B47, Sheet1!$C:$C, C47, Sheet1!$D:$D, D47, Sheet1!$E:$E, E47 ) = 0, "NO MATCH IN TARGET", "MATCHED") -> MATCHED
A48: 46233.688 | B48: LTEQ | C48: B | D48: 3 | E48: 3810 | F48: Expired | H48: =IF(COUNTIFS( Sheet1!$B:$B, B48, Sheet1!$C:$C, C48, Sheet1!$D:$D, D48, Sheet1!$E:$E, E48 ) = 0, "NO MATCH IN TARGET", "MATCHED") -> MATCHED
A49: 05 AUG 2026 03:15:12 PM | B49: NAM-INDIAEQ | C49: B | D49: 5 | E49: 1142 | F49: Expired | H49: =IF(COUNTIFS( Sheet1!$B:$B, B49, Sheet1!$C:$C, C49, Sheet1!$D:$D, D49, Sheet1!$E:$E, E49 ) = 0, "NO MATCH IN TARGET", "MATCHED") -> MATCHED
A50: 05 AUG 2026 04:43:15 PM | B50: IGILEQ | C50: B | D50: 100 | E50: 340.2 | F50: Expired | H50: =IF(COUNTIFS( Sheet1!$B:$B, B50, Sheet1!$C:$C, C50, Sheet1!$D:$D, D50, Sheet1!$E:$E, E50 ) = 0, "NO MATCH IN TARGET", "MATCHED") -> MATCHED
A51: 05 AUG 2026 03:15:12 PM | B51: BSEEQ | C51: B | D51: 1 | E51: 3310 | F51: Expired | H51: =IF(COUNTIFS( Sheet1!$B:$B, B51, Sheet1!$C:$C, C51, Sheet1!$D:$D, D51, Sheet1!$E:$E, E51 ) = 0, "NO MATCH IN TARGET", "MATCHED") -> NO MATCH IN TARGET
A52: 05 AUG 2026 03:15:08 PM | B52: DIXONEQ | C52: B | D52: 1 | E52: 13552 | F52: Expired | H52: =IF(COUNTIFS( Sheet1!$B:$B, B52, Sheet1!$C:$C, C52, Sheet1!$D:$D, D52, Sheet1!$E:$E, E52 ) = 0, "NO MATCH IN TARGET", "MATCHED") -> MATCHED
A53: 05 AUG 2026 03:15:12 PM | B53: TRENTEQ | C53: B | D53: 5 | E53: 2938 | F53: Expired | H53: =IF(COUNTIFS( Sheet1!$B:$B, B53, Sheet1!$C:$C, C53, Sheet1!$D:$D, D53, Sheet1!$E:$E, E53 ) = 0, "NO MATCH IN TARGET", "MATCHED") -> MATCHED
A54: 05 AUG 2026 03:15:09 PM | B54: KFINTECHEQ | C54: B | D54: 40 | E54: 897 | F54: Expired | H54: =IF(COUNTIFS( Sheet1!$B:$B, B54, Sheet1!$C:$C, C54, Sheet1!$D:$D, D54, Sheet1!$E:$E, E54 ) = 0, "NO MATCH IN TARGET", "MATCHED") -> MATCHED
A55: 46237.636 | B55: LTEQ | C55: B | D55: 2 | E55: 3830 | F55: Expired | H55: =IF(COUNTIFS( Sheet1!$B:$B, B55, Sheet1!$C:$C, C55, Sheet1!$D:$D, D55, Sheet1!$E:$E, E55 ) = 0, "NO MATCH IN TARGET", "MATCHED") -> MATCHED
A56: 05 AUG 2026 06:56:53 PM | B56: SILVERBEESEQ | C56: B | D56: 50 | E56: 202 | F56: Expired | H56: =IF(COUNTIFS( Sheet1!$B:$B, B56, Sheet1!$C:$C, C56, Sheet1!$D:$D, D56, Sheet1!$E:$E, E56 ) = 0, "NO MATCH IN TARGET", "MATCHED") -> MATCHED
A57: 05 AUG 2026 03:15:13 PM | B57: CGPOWEREQ | C57: B | D57: 25 | E57: 836 | F57: Expired | H57: =IF(COUNTIFS( Sheet1!$B:$B, B57, Sheet1!$C:$C, C57, Sheet1!$D:$D, D57, Sheet1!$E:$E, E57 ) = 0, "NO MATCH IN TARGET", "MATCHED") -> MATCHED
A58: 05 AUG 2026 03:15:12 PM | B58: TVSMOTOREQ | C58: B | D58: 1 | E58: 4206 | F58: Expired | H58: =IF(COUNTIFS( Sheet1!$B:$B, B58, Sheet1!$C:$C, C58, Sheet1!$D:$D, D58, Sheet1!$E:$E, E58 ) = 0, "NO MATCH IN TARGET", "MATCHED") -> MATCHED
A59: 05 AUG 2026 03:15:13 PM | B59: CGPOWEREQ | C59: B | D59: 5 | E59: 838 | F59: Expired | H59: =IF(COUNTIFS( Sheet1!$B:$B, B59, Sheet1!$C:$C, C59, Sheet1!$D:$D, D59, Sheet1!$E:$E, E59 ) = 0, "NO MATCH IN TARGET", "MATCHED") -> MATCHED
A60: 05 AUG 2026 03:15:12 PM | B60: NAM-INDIAEQ | C60: B | D60: 5 | E60: 1152 | F60: Expired | H60: =IF(COUNTIFS( Sheet1!$B:$B, B60, Sheet1!$C:$C, C60, Sheet1!$D:$D, D60, Sheet1!$E:$E, E60 ) = 0, "NO MATCH IN TARGET", "MATCHED") -> MATCHED
A61: 05 AUG 2026 06:56:53 PM | B61: URBANCOEQ | C61: B | D61: 45 | E61: 136.15 | F61: Expired | H61: =IF(COUNTIFS( Sheet1!$B:$B, B61, Sheet1!$C:$C, C61, Sheet1!$D:$D, D61, Sheet1!$E:$E, E61 ) = 0, "NO MATCH IN TARGET", "MATCHED") -> MATCHED
A62: 05 AUG 2026 03:15:10 PM | B62: HALEQ | C62: B | D62: 15 | E62: 4415 | F62: Expired | H62: =IF(COUNTIFS( Sheet1!$B:$B, B62, Sheet1!$C:$C, C62, Sheet1!$D:$D, D62, Sheet1!$E:$E, E62 ) = 0, "NO MATCH IN TARGET", "MATCHED") -> MATCHED
A63: 05 AUG 2026 03:15:10 PM | B63: LODHAEQ | C63: B | D63: 5 | E63: 1188 | F63: Expired | H63: =IF(COUNTIFS( Sheet1!$B:$B, B63, Sheet1!$C:$C, C63, Sheet1!$D:$D, D63, Sheet1!$E:$E, E63 ) = 0, "NO MATCH IN TARGET", "MATCHED") -> MATCHED
A64: 05 AUG 2026 04:43:04 PM | B64: SCIEQ | C64: B | D64: 20 | E64: 286 | F64: Expired | H64: =IF(COUNTIFS( Sheet1!$B:$B, B64, Sheet1!$C:$C, C64, Sheet1!$D:$D, D64, Sheet1!$E:$E, E64 ) = 0, "NO MATCH IN TARGET", "MATCHED") -> MATCHED
A65: 46237.636 | B65: LTEQ | C65: B | D65: 2 | E65: 3856 | F65: Expired | H65: =IF(COUNTIFS( Sheet1!$B:$B, B65, Sheet1!$C:$C, C65, Sheet1!$D:$D, D65, Sheet1!$E:$E, E65 ) = 0, "NO MATCH IN TARGET", "MATCHED") -> MATCHED
A66: 05 AUG 2026 03:15:09 PM | B66: SBINEQ | C66: B | D66: 15 | E66: 1005 | F66: Expired | H66: =IF(COUNTIFS( Sheet1!$B:$B, B66, Sheet1!$C:$C, C66, Sheet1!$D:$D, D66, Sheet1!$E:$E, E66 ) = 0, "NO MATCH IN TARGET", "MATCHED") -> MATCHED
A67: 05 AUG 2026 07:02:46 PM | B67: IGILEQ | C67: B | D67: 50 | E67: 344 | F67: Expired | H67: =IF(COUNTIFS( Sheet1!$B:$B, B67, Sheet1!$C:$C, C67, Sheet1!$D:$D, D67, Sheet1!$E:$E, E67 ) = 0, "NO MATCH IN TARGET", "MATCHED") -> MATCHED
A68: 46237.636 | B68: SOLARINDSEQ | C68: B | D68: 1 | E68: 17552 | F68: Expired | H68: =IF(COUNTIFS( Sheet1!$B:$B, B68, Sheet1!$C:$C, C68, Sheet1!$D:$D, D68, Sheet1!$E:$E, E68 ) = 0, "NO MATCH IN TARGET", "MATCHED") -> MATCHED
A69: 05 AUG 2026 06:56:56 PM | B69: ITBEESEQ | C69: B | D69: 500 | E69: 33.16 | F69: Expired | H69: =IF(COUNTIFS( Sheet1!$B:$B, B69, Sheet1!$C:$C, C69, Sheet1!$D:$D, D69, Sheet1!$E:$E, E69 ) = 0, "NO MATCH IN TARGET", "MATCHED") -> MATCHED
A70: 46233.688 | B70: INDHOTELEQ | C70: B | D70: 5 | E70: 702 | F70: Expired | H70: =IF(COUNTIFS( Sheet1!$B:$B, B70, Sheet1!$C:$C, C70, Sheet1!$D:$D, D70, Sheet1!$E:$E, E70 ) = 0, "NO MATCH IN TARGET", "MATCHED") -> MATCHED
A71: 46234.688 | B71: BSEEQ | C71: B | D71: 1 | E71: 3360 | F71: Expired | H71: =IF(COUNTIFS( Sheet1!$B:$B, B71, Sheet1!$C:$C, C71, Sheet1!$D:$D, D71, Sheet1!$E:$E, E71 ) = 0, "NO MATCH IN TARGET", "MATCHED") -> NO MATCH IN TARGET
A72: 05 AUG 2026 03:15:12 PM | B72: NAM-INDIAEQ | C72: B | D72: 5 | E72: 1161 | F72: Expired | H72: =IF(COUNTIFS( Sheet1!$B:$B, B72, Sheet1!$C:$C, C72, Sheet1!$D:$D, D72, Sheet1!$E:$E, E72 ) = 0, "NO MATCH IN TARGET", "MATCHED") -> MATCHED
A73: 05 AUG 2026 03:15:13 PM | B73: CDSLEQ | C73: B | D73: 69 | E73: 1277 | F73: Expired | H73: =IF(COUNTIFS( Sheet1!$B:$B, B73, Sheet1!$C:$C, C73, Sheet1!$D:$D, D73, Sheet1!$E:$E, E73 ) = 0, "NO MATCH IN TARGET", "MATCHED") -> MATCHED
A74: 46238.645 | B74: LTEQ | C74: B | D74: 5 | E74: 3888 | F74: Expired | H74: =IF(COUNTIFS( Sheet1!$B:$B, B74, Sheet1!$C:$C, C74, Sheet1!$D:$D, D74, Sheet1!$E:$E, E74 ) = 0, "NO MATCH IN TARGET", "MATCHED") -> MATCHED
A75: 05 AUG 2026 03:15:10 PM | B75: HALEQ | C75: B | D75: 2 | E75: 4456 | F75: Expired | H75: =IF(COUNTIFS( Sheet1!$B:$B, B75, Sheet1!$C:$C, C75, Sheet1!$D:$D, D75, Sheet1!$E:$E, E75 ) = 0, "NO MATCH IN TARGET", "MATCHED") -> MATCHED
A76: 46237.636 | B76: RVNLEQ | C76: B | D76: 20 | E76: 220.1 | F76: Expired | H76: =IF(COUNTIFS( Sheet1!$B:$B, B76, Sheet1!$C:$C, C76, Sheet1!$D:$D, D76, Sheet1!$E:$E, E76 ) = 0, "NO MATCH IN TARGET", "MATCHED") -> MATCHED
A77: 05 AUG 2026 03:15:11 PM | B77: HDFCAMCEQ | C77: B | D77: 2 | E77: 2460 | F77: Expired | H77: =IF(COUNTIFS( Sheet1!$B:$B, B77, Sheet1!$C:$C, C77, Sheet1!$D:$D, D77, Sheet1!$E:$E, E77 ) = 0, "NO MATCH IN TARGET", "MATCHED") -> MATCHED
A78: 05 AUG 2026 07:02:43 PM | B78: JUSTDIALEQ | C78: B | D78: 5 | E78: 660 | F78: Expired | H78: =IF(COUNTIFS( Sheet1!$B:$B, B78, Sheet1!$C:$C, C78, Sheet1!$D:$D, D78, Sheet1!$E:$E, E78 ) = 0, "NO MATCH IN TARGET", "MATCHED") -> MATCHED
A79: 05 AUG 2026 03:15:13 PM | B79: CGPOWEREQ | C79: B | D79: 50 | E79: 850 | F79: Expired | H79: =IF(COUNTIFS( Sheet1!$B:$B, B79, Sheet1!$C:$C, C79, Sheet1!$D:$D, D79, Sheet1!$E:$E, E79 ) = 0, "NO MATCH IN TARGET", "MATCHED") -> MATCHED
A80: 05 AUG 2026 04:43:03 PM | B80: APOLLOTYREEQ | C80: B | D80: 40 | E80: 426 | F80: Expired | H80: =IF(COUNTIFS( Sheet1!$B:$B, B80, Sheet1!$C:$C, C80, Sheet1!$D:$D, D80, Sheet1!$E:$E, E80 ) = 0, "NO MATCH IN TARGET", "MATCHED") -> MATCHED
A81: 05 AUG 2026 04:43:15 PM | B81: IGILEQ | C81: B | D81: 50 | E81: 348 | F81: Expired | H81: =IF(COUNTIFS( Sheet1!$B:$B, B81, Sheet1!$C:$C, C81, Sheet1!$D:$D, D81, Sheet1!$E:$E, E81 ) = 0, "NO MATCH IN TARGET", "MATCHED") -> MATCHED
A82: 05 AUG 2026 06:57:06 PM | B82: SILVERBEESEQ | C82: B | D82: 50 | E82: 206 | F82: Expired | H82: =IF(COUNTIFS( Sheet1!$B:$B, B82, Sheet1!$C:$C, C82, Sheet1!$D:$D, D82, Sheet1!$E:$E, E82 ) = 0, "NO MATCH IN TARGET", "MATCHED") -> MATCHED
A83: 05 AUG 2026 04:43:06 PM | B83: ZENTECEQ | C83: B | D83: 5 | E83: 1614 | F83: Expired | H83: =IF(COUNTIFS( Sheet1!$B:$B, B83, Sheet1!$C:$C, C83, Sheet1!$D:$D, D83, Sheet1!$E:$E, E83 ) = 0, "NO MATCH IN TARGET", "MATCHED") -> MATCHED
A84: 05 AUG 2026 03:15:09 PM | B84: KFINTECHEQ | C84: B | D84: 20 | E84: 917 | F84: Expired | H84: =IF(COUNTIFS( Sheet1!$B:$B, B84, Sheet1!$C:$C, C84, Sheet1!$D:$D, D84, Sheet1!$E:$E, E84 ) = 0, "NO MATCH IN TARGET", "MATCHED") -> MATCHED
A85: 46237.636 | B85: INDHOTELEQ | C85: B | D85: 5 | E85: 712 | F85: Expired | H85: =IF(COUNTIFS( Sheet1!$B:$B, B85, Sheet1!$C:$C, C85, Sheet1!$D:$D, D85, Sheet1!$E:$E, E85 ) = 0, "NO MATCH IN TARGET", "MATCHED") -> MATCHED
A86: 05 AUG 2026 04:43:07 PM | B86: GRSEEQ | C86: B | D86: 30 | E86: 2435 | F86: Expired | H86: =IF(COUNTIFS( Sheet1!$B:$B, B86, Sheet1!$C:$C, C86, Sheet1!$D:$D, D86, Sheet1!$E:$E, E86 ) = 0, "NO MATCH IN TARGET", "MATCHED") -> MATCHED
A87: 05 AUG 2026 03:28:52 PM | B87: BSEEQ | C87: B | D87: 2 | E87: 3410 | F87: Expired | H87: =IF(COUNTIFS( Sheet1!$B:$B, B87, Sheet1!$C:$C, C87, Sheet1!$D:$D, D87, Sheet1!$E:$E, E87 ) = 0, "NO MATCH IN TARGET", "MATCHED") -> MATCHED
A88: 05 AUG 2026 03:28:46 PM | B88: TVSMOTOREQ | C88: B | D88: 1 | E88: 4306 | F88: Expired | H88: =IF(COUNTIFS( Sheet1!$B:$B, B88, Sheet1!$C:$C, C88, Sheet1!$D:$D, D88, Sheet1!$E:$E, E88 ) = 0, "NO MATCH IN TARGET", "MATCHED") -> MATCHED
A89: 05 AUG 2026 03:28:46 PM | B89: LTEQ | C89: B | D89: 5 | E89: 3938 | F89: Expired | H89: =IF(COUNTIFS( Sheet1!$B:$B, B89, Sheet1!$C:$C, C89, Sheet1!$D:$D, D89, Sheet1!$E:$E, E89 ) = 0, "NO MATCH IN TARGET", "MATCHED") -> MATCHED
A90: 05 AUG 2026 06:56:54 PM | B90: IRCONEQ | C90: B | D90: 150 | E90: 128 | F90: Expired | H90: =IF(COUNTIFS( Sheet1!$B:$B, B90, Sheet1!$C:$C, C90, Sheet1!$D:$D, D90, Sheet1!$E:$E, E90 ) = 0, "NO MATCH IN TARGET", "MATCHED") -> MATCHED
A91: 05 AUG 2026 03:28:51 PM | B91: TCSEQ | C91: B | D91: 8 | E91: 2352 | F91: Expired | H91: =IF(COUNTIFS( Sheet1!$B:$B, B91, Sheet1!$C:$C, C91, Sheet1!$D:$D, D91, Sheet1!$E:$E, E91 ) = 0, "NO MATCH IN TARGET", "MATCHED") -> MATCHED
A92: 05 AUG 2026 04:43:15 PM | B92: IGILEQ | C92: B | D92: 50 | E92: 352 | F92: Expired | H92: =IF(COUNTIFS( Sheet1!$B:$B, B92, Sheet1!$C:$C, C92, Sheet1!$D:$D, D92, Sheet1!$E:$E, E92 ) = 0, "NO MATCH IN TARGET", "MATCHED") -> MATCHED
A93: 05 AUG 2026 03:28:49 PM | B93: LTEQ | C93: B | D93: 10 | E93: 3950 | F93: Expired | H93: =IF(COUNTIFS( Sheet1!$B:$B, B93, Sheet1!$C:$C, C93, Sheet1!$D:$D, D93, Sheet1!$E:$E, E93 ) = 0, "NO MATCH IN TARGET", "MATCHED") -> MATCHED
A94: 05 AUG 2026 03:28:44 PM | B94: CAMSEQ | C94: B | D94: 20 | E94: 793 | F94: Expired | H94: =IF(COUNTIFS( Sheet1!$B:$B, B94, Sheet1!$C:$C, C94, Sheet1!$D:$D, D94, Sheet1!$E:$E, E94 ) = 0, "NO MATCH IN TARGET", "MATCHED") -> MATCHED
A95: 05 AUG 2026 03:28:46 PM | B95: KFINTECHEQ | C95: B | D95: 10 | E95: 927 | F95: Expired | H95: =IF(COUNTIFS( Sheet1!$B:$B, B95, Sheet1!$C:$C, C95, Sheet1!$D:$D, D95, Sheet1!$E:$E, E95 ) = 0, "NO MATCH IN TARGET", "MATCHED") -> NO MATCH IN TARGET
A96: 05 AUG 2026 03:28:53 PM | B96: CDSLEQ | C96: B | D96: 3 | E96: 1302 | F96: Expired | H96: =IF(COUNTIFS( Sheet1!$B:$B, B96, Sheet1!$C:$C, C96, Sheet1!$D:$D, D96, Sheet1!$E:$E, E96 ) = 0, "NO MATCH IN TARGET", "MATCHED") -> MATCHED
A97: 05 AUG 2026 06:56:54 PM | B97: GRSEEQ | C97: B | D97: 30 | E97: 2460 | F97: Expired | H97: =IF(COUNTIFS( Sheet1!$B:$B, B97, Sheet1!$C:$C, C97, Sheet1!$D:$D, D97, Sheet1!$E:$E, E97 ) = 0, "NO MATCH IN TARGET", "MATCHED") -> MATCHED
A98: 46238.636 | B98: MCXEQ | C98: B | D98: 2 | E98: 2552 | F98: Expired | H98: =IF(COUNTIFS( Sheet1!$B:$B, B98, Sheet1!$C:$C, C98, Sheet1!$D:$D, D98, Sheet1!$E:$E, E98 ) = 0, "NO MATCH IN TARGET", "MATCHED") -> MATCHED
A99: 05 AUG 2026 03:15:14 PM | B99: IRFCEQ | C99: B | D99: 100 | E99: 87.3 | F99: Expired | H99: =IF(COUNTIFS( Sheet1!$B:$B, B99, Sheet1!$C:$C, C99, Sheet1!$D:$D, D99, Sheet1!$E:$E, E99 ) = 0, "NO MATCH IN TARGET", "MATCHED") -> MATCHED
A100: 05 AUG 2026 03:28:46 PM | B100: HALEQ | C100: B | D100: 1 | E100: 4560 | F100: Expired | H100: =IF(COUNTIFS( Sheet1!$B:$B, B100, Sheet1!$C:$C, C100, Sheet1!$D:$D, D100, Sheet1!$E:$E, E100 ) = 0, "NO MATCH IN TARGET", "MATCHED") -> MATCHED
...
