Workbook

Sheet Sheet1
A1: Date | B1: Stock | C1: Order Type (Buy/Sell) | D1: Quantity | E1: Price | F1: %Difference | G1: NSE Code | H1: Latest Recorded Price | I1: Status
A2: 46244.646 | B2: NAM-INDIAEQ | C2: B | D2: 5 | E2: 1162 | F2: -1.106383 | G2: NSE:NAM-INDIA | H2: 1175 | I2: Expired
A3: 46244.646 | B3: KFINTECHEQ | C3: B | D3: 20 | E3: 917 | F3: -1.2385568 | G3: NSE:KFINTECH | H3: 928.5 | I3: Expired
A4: 46244.646 | B4: RVNLEQ | C4: B | D4: 200 | E4: 227.5 | F4: -1.3015184 | G4: NSE:RVNL | H4: 230.5 | I4: Expired
A5: 46244.646 | B5: IRFCEQ | C5: B | D5: 100 | E5: 87.3 | F5: -1.3224822 | G5: NSE:IRFC | H5: 88.47 | I5: Expired
A6: 46244.767 | B6: GRSEEQ | C6: B | D6: 10 | E6: 2552 | F6: -1.5811801 | G6: NSE:GRSE | H6: 2593 | I6: Expired
A7: 46244.768 | B7: ARE&MEQ | C7: B | D7: 11 | E7: 882 | F7: -1.6612777 | G7: NSE:ARE&M | H7: 896.9 | I7: Expired
A8: 46244.767 | B8: IGILEQ | C8: B | D8: 50 | E8: 348 | F8: -1.8058691 | G8: NSE:IGIL | H8: 354.4 | I8: Expired
A9: 46244.767 | B9: MOSCHIPEQ | C9: B | D9: 50 | E9: 201 | F9: -1.879424 | G9: NSE:MOSCHIP | H9: 204.85 | I9: Expired
A10: 46244.767 | B10: IRCONEQ | C10: B | D10: 150 | E10: 128 | F10: -1.8931555 | G10: NSE:IRCON | H10: 130.47 | I10: Expired
A11: 46244.646 | B11: NAM-INDIAEQ | C11: B | D11: 5 | E11: 1152 | F11: -1.9574468 | G11: NSE:NAM-INDIA | H11: 1175 | I11: Expired
A12: 46241.765 | B12: KERNEXEQ | C12: B | D12: 1 | E12: 2264 | F12: -1.991342 | G12: NSE:KERNEX | H12: 2310 | I12: Expired
A13: 46244.646 | B13: INDHOTELEQ | C13: B | D13: 5 | E13: 712 | F13: -1.9958706 | G13: NSE:INDHOTEL | H13: 726.5 | I13: Expired
... A32: 46244.636 | B32: TVSMOTOREQ | C32: B | D32: 1 | E32: 4306 | F32: -3.3228559 | G32: NSE:TVSMOTOR | H32: 4454 | I32: Expired
A33: ######## | B33: INDHOTELEQ | C33: B | D33: 5 | E33: 702 | F33: -3.3723331 | G33: NSE:INDHOTEL | H33: 726.5 | I33: Expired
A34: 46244.636 | B34: KFINTECHEQ | C34: B | D34: 40 | E34: 897 | F34: -3.3925687 | G34: NSE:KFINTECH | H34: 928.5 | I34: Expired
A35: 46244.636 | B35: COCHINSHIPEQ | C35: B | D35: 10 | E35: 1452 | F35: -3.4060671 | G35: NSE:COCHINSHIP | H35: 1503.2 | I35: Expired
A36: 46244.636 | B36: BAJFINANCEEQ | C36: B | D36: 4 | E36: 1066 | F36: -3.5294118 | G36: NSE:BAJFINANCE | H36: 1105 | I36: Expired
A37: 46241.636 | B37: HDFCAMCEQ | C37: B | D37: 2 | E37: 2460 | F37: -3.6427732 | G37: NSE:HDFCAMC | H37: 2553 | I37: Expired
A38: 46240.636 | B38: NAM-INDIAEQ | C38: B | D38: 5 | E38: 1132 | F38: -3.6595745 | G38: NSE:NAM-INDIA | H38: 1175 | I38: Expired
A39: 46244.636 | B39: BDLEQ | C39: B | D39: 10 | E39: 1260 | F39: -3.8167939 | G39: NSE:BDL | H39: 1310 | I39: Expired
A40: 46244.636 | B40: SBINEQ | C40: B | D40: 10 | E40: 1030 | F40: -3.8281979 | G40: NSE:SBIN | H40: 1071 | I40: Expired
A41: 46244.636 | B41: SOLARINDSEQ | C41: B | D41: 1 | E41: 18052 | F41: -3.8354997 | G41: NSE:SOLARINDS | H41: 18772 | I41: Expired
A42: 46244.767 | B42: SILVERBEESEQ | C42: B | D42: 50 | E42: 212 | F42: -3.8723134 | G42: NSE:SILVERBEES | H42: 220.54 | I42: Expired
A43: 46244.767 | B43: NETWEBEQ | C43: B | D43: 3 | E43: 4710 | F43: -3.8736275 | G43: NSE:NETWEB | H43: 4899.8 | I43: Expired
A44: 46211.688 | B44: GRSEEQ | C44: B | D44: 5 | E44: 2490 | F44: -3.9722329 | G44: NSE:GRSE | H44: 2593 | I44: Expired
A45: 46244.767 | B45: IGILEQ | C45: B | D45: 100 | E45: 340.2 | F45: -4.006772 | G45: NSE:IGIL | H45: 354.4 | I45: Expired
... A56: 46211.635 | B56: LODHAEQ | C56: B | D56: 10 | E56: 1166 | F56: -4.5045045 | G56: NSE:LODHA | H56: 1221 | I56: Expired
A57: ######## | B57: RVNLEQ | C57: B | D57: 20 | E57: 220.1 | F57: -4.5119306 | G57: NSE:RVNL | H57: 230.5 | I57: Expired
A58: ######## | B58: LTEQ | C58: B | D58: 5 | E58: 3888 | F58: -4.5421066 | G58: NSE:LT | H58: 4073 | I58: Expired
A59: 46244.636 | B59: MAXHEALTHEQ | C59: B | D59: 30 | E59: 1007 | F59: -4.549763 | G59: NSE:MAXHEALTH | H59: 1055 | I59: Expired
A60: 46241.636 | B60: CGPOWEREQ | C60: B | D60: 5 | E60: 838 | F60: -4.6535442 | G60: NSE:CGPOWER | H60: 878.9 | I60: Expired
A61: 46240.688 | B61: GRSEEQ | C61: B | D61: 5 | E61: 2470 | F61: -4.7435403 | G61: NSE:GRSE | H61: 2593 | I61: Expired
A62: ######## | B62: SCIEQ | C62: B | D62: 20 | E62: 281 | F62: -4.7619048 | G62: NSE:SCI | H62: 295.05 | I62: Expired
A63: 46211.635 | B63: CGPOWEREQ | C63: B | D63: 25 | E63: 836 | F63: -4.8811014 | G63: NSE:CGPOWER | H63: 878.9 | I63: Expired
A64: 46211.688 | B64: IGILEQ | C64: B | D64: 100 | E64: 337 | F64: -4.9097065 | G64: NSE:IGIL | H64: 354.4 | I64: Expired
A65: 46211.765 | B65: MAFANGEQ | C65: B | D65: 25 | E65: 196 | F65: -5.0019387 | G65: NSE:MAFANG | H65: 206.32 | I65: Expired
A66: ######## | B66: ARE&MEQ | C66: B | D66: 5 | E66: 852 | F66: -5.0061322 | G66: NSE:ARE&M | H66: 896.9 | I66: Expired
A67: 46211.688 | B67: GRSEEQ | C67: B | D67: 30 | E67: 2460 | F67: -5.129194 | G67: NSE:GRSE | H67: 2593 | I67: Expired
A68: 46244.636 | B68: BSEEQ | C68: B | D68: 2 | E68: 3410 | F68: -5.1935053 | G68: NSE:BSE | H68: 3596.8 | I68: Expired
A69: ######## | B69: LTEQ | C69: B | D69: 2 | E69: 3856 | F69: -5.3277682 | G69: NSE:LT | H69: 4073 | I69: Expired
A70: 46150.635 | B70: KFINTECHEQ | C70: B | D70: 40 | E70: 878 | F70: -5.4388799 | G70: NSE:KFINTECH | H70: 928.5 | I70: Expired
A71: 46239.697 | B71: IGILEQ | C71: B | D71: 100 | E71: 335 | F71: -5.4740406 | G71: NSE:IGIL | H71: 354.4 | I71: Expired
A72: 46244.636 | B72: COCHINSHIPEQ | C72: B | D72: 10 | E72: 1420 | F72: -5.534859 | G72: NSE:COCHINSHIP | H72: 1503.2 | I72: Expired
A73: 46211.635 | B73: TVSMOTOREQ | C73: B | D73: 1 | E73: 4206 | F73: -5.5680287 | G73: NSE:TVSMOTOR | H73: 4454 | I73: Expired
A74: 46211.765 | B74: ITBEESEQ | C74: B | D74: 500 | E74: 33.16 | F74: -5.5808656 | G74: NSE:ITBEES | H74: 35.12 | I74: Expired
A75: 46240.688 | B75: E2EEQ | C75: B | D75: 5 | E75: 569 | F75: -5.8258855 | G75: NSE:E2E | H75: 604.2 | I75: Expired
A76: 46244.636 | B76: HALEQ | C76: B | D76: 1 | E76: 4640 | F76: -5.8613484 | G76: NSE:HAL | H76: 4928.9 | I76: Expired
A77: ######## | B77: LTEQ | C77: B | D77: 2 | E77: 3830 | F77: -5.9661183 | G77: NSE:LT | H77: 4073 | I77: Expired
A78: 46211.765 | B78: GRSEEQ | C78: B | D78: 30 | E78: 2435 | F78: -6.0933282 | G78: NSE:GRSE | H78: 2593 | I78: Expired
A79: ######## | B79: SCIEQ | C79: B | D79: 37 | E79: 277 | F79: -6.1176072 | G79: NSE:SCI | H79: 295.05 | I79: Expired
A80: 46239.636 | B80: SBINEQ | C80: B | D80: 15 | E80: 1005 | F80: -6.162465 | G80: NSE:SBIN | H80: 1071 | I80: Expired
A81: 46181.688 | B81: ZENTECEQ | C81: B | D81: 5 | E81: 1614 | F81: -6.1627907 | G81: NSE:ZENTEC | H81: 1720 | I81: Expired
A82: 46241.636 | B82: COCHINSHIPEQ | C82: B | D82: 10 | E82: 1410 | F82: -6.2001064 | G82: NSE:COCHINSHIP | H82: 1503.2 | I82: Expired
A83: 46241.765 | B83: KERNEXEQ | C83: B | D83: 1 | E83: 2164 | F83: -6.3203463 | G83: NSE:KERNEX | H83: 2310 | I83: Expired
A84: 46240.688 | B84: KERNEXEQ | C84: B | D84: 2 | E84: 2164 | F84: -6.3203463 | G84: NSE:KERNEX | H84: 2310 | I84: Expired
A85: ######## | B85: LTEQ | C85: B | D85: 3 | E85: 3810 | F85: -6.4571569 | G85: NSE:LT | H85: 4073 | I85: Expired
A86: 46211.635 | B86: SOLARINDSEQ | C86: B | D86: 1 | E86: 17552 | F86: -6.4990411 | G86: NSE:SOLARINDS | H86: 18772 | I86: Expired
A87: 46211.688 | B87: SILVERBEESEQ | C87: B | D87: 50 | E87: 206 | F87: -6.5929083 | G87: NSE:SILVERBEES | H87: 220.54 | I87: Expired
A88: ######## | B88: IGILEQ | C88: B | D88: 100 | E88: 331 | F88: -6.6027088 | G88: NSE:IGIL | H88: 354.4 | I88: Expired
A89: 46211.765 | B89: EXIDEINDEQ | C89: B | D89: 5 | E89: 452 | F89: -6.6115702 | G89: NSE:EXIDEIND | H89: 484 | I89: Expired
A90: 46244.636 | B90: MAZDOCKEQ | C90: B | D90: 7 | E90: 2401 | F90: -6.8296469 | G90: NSE:MAZDOCK | H90: 2577 | I90: Expired
A91: 46241.688 | B91: JUSTDIALEQ | C91: B | D91: 10 | E91: 640 | F91: -6.936164 | G91: NSE:JUSTDIAL | H91: 687.7 | I91: Expired
A92: 46181.688 | B92: JUSTDIALEQ | C92: B | D92: 5 | E92: 640 | F92: -6.936164 | G92: NSE:JUSTDIAL | H92: 687.7 | I92: Expired
A93: 46150.793 | B93: JUSTDIALEQ | C93: B | D93: 30 | E93: 640 | F93: -6.936164 | G93: NSE:JUSTDIAL | H93: 687.7 | I93: Expired
A94: 46150.793 | B94: E2EEQ | C94: B | D94: 5 | E94: 560 | F94: -7.3154585 | G94: NSE:E2E | H94: 604.2 | I94: Expired
A95: 46240.636 | B95: TCSEQ | C95: B | D95: 9 | E95: 2251 | F95: -7.4195937 | G95: NSE:TCS | H95: 2431.4 | I95: Expired
A96: 46241.636 | B96: HALEQ | C96: B | D96: 1 | E96: 4560 | F96: -7.4844286 | G96: NSE:HAL | H96: 4928.9 | I96: Expired
A97: 46244.767 | B97: GOLDBEESEQ | C97: B | D97: 200 | E97: 115.25 | F97: -7.5262778 | G97: NSE:GOLDBEES | H97: 124.63 | I97: Expired
A98: ######## | B98: PRINCEPIPEEQ | C98: B | D98: 10 | E98: 251 | F98: -7.5506446 | G98: NSE:PRINCEPIPE | H98: 271.5 | I98: Expired
A99: ######## | B99: CGPOWEREQ | C99: B | D99: 5 | E99: 812 | F99: -7.6117875 | G99: NSE:CGPOWER | H99: 878.9 | I99: Expired
A100: ######## | B100: LTEQ | C100: B | D100: 2 | E100: 3760 | F100: -7.6847533 | G100: NSE:LT | H100: 4073 | I100: Expired
A101: ######## | B101: TVSMOTOREQ | C101: B | D101: 1 | E101: 4110 | F101: -7.7233947 | G101: NSE:TVSMOTOR | H101: 4454 | I101: Expired
A102: ######## | B102: IGILEQ | C102: B | D102: 100 | E102: 327 | F102: -7.731377 | G102: NSE:IGIL | H102: 354.4 | I102: Expired
A103: 46244.636 | B103: MCXEQ | C103: B | D103: 2 | E103: 2560 | F103: -7.814188 | G103: NSE:MCX | H103: 2777 | I103: Expired
A104: 46211.635 | B104: BSEEQ | C104: B | D104: 3 | E104: 3310 | F104: -7.9737544 | G104: NSE:BSE | H104: 3596.8 | I104: Expired
A105: 46244.636 | B105: MAZDOCKEQ | C105: B | D105: 8 | E105: 2370 | F105: -8.032596 | G105: NSE:MAZDOCK | H105: 2577 | I105: Expired
A106: ######## | B106: MCXEQ | C106: B | D106: 2 | E106: 2552 | F106: -8.1022686 | G106: NSE:MCX | H106: 2777 | I106: Expired
A107: 46211.765 | B107: SENCOEQ | C107: B | D107: 5 | E107: 366 | F107: -8.3854819 | G107: NSE:SENCO | H107: 399.5 | I107: Expired
A108: 46240.688 | B108: SILVERBEESEQ | C108: B | D108: 50 | E108: 202 | F108: -8.4066383 | G108: NSE:SILVERBEES | H108: 220.54 | I108: Expired
A109: 46239.79 | B109: TMCVEQ | C109: B | D109: 7 | E109: 411 | F109: -8.4632517 | G109: NSE:TMCV | H109: 449 | I109: Expired
A110: ######## | B110: TVSMOTOREQ | C110: B | D110: 2 | E110: 4060 | F110: -8.8459811 | G110: NSE:TVSMOTOR | H110: 4454 | I110: Expired
A111: ######## | B111: IGILEQ | C111: B | D111: 100 | E111: 322 | F111: -9.1422122 | G111: NSE:IGIL | H111: 354.4 | I111: Expired
A112: 46244.767 | B112: E2EEQ | C112: B | D112: 5 | E112: 547 | F112: -9.4670639 | G112: NSE:E2E | H112: 604.2 | I112: Expired
A113: 46240.636 | B113: HALEQ | C113: B | D113: 2 | E113: 4456 | F113: -9.5944328 | G113: NSE:HAL | H113: 4928.9 | I113: Expired
A114: ######## | B114: ABBEQ | C114: B | D114: 1 | E114: 6920 | F114: -9.801877 | G114: NSE:ABB | H114: 7672 | I114: Expired
A115: 46241.688 | B115: JUSTDIALEQ | C115: B | D115: 20 | E115: 620 | F115: -9.8444089 | G115: NSE:JUSTDIAL | H115: 687.7 | I115: Expired
A116: 46240.688 | B116: JUSTDIALEQ | C116: B | D116: 30 | E116: 620 | F116: -9.8444089 | G116: NSE:JUSTDIAL | H116: 687.7 | I116: Expired
A117: ######## | B117: TVSMOTOREQ | C117: B | D117: 2 | E117: 4010 | F117: -9.9685676 | G117: NSE:TVSMOTOR | H117: 4454 | I117: Expired
A118: 46241.765 | B118: LALPATHLABEQ | C118: B | D118: 4 | E118: 1751 | F118: -9.9789214 | G118: NSE:LALPATHLAB | H118: 1945.1 | I118: Expired
A119: 46241.688 | B119: NETWEBEQ | C119: B | D119: 2 | E119: 4410 | F119: -9.9963264 | G119: NSE:NETWEB | H119: 4899.8 | I119: Expired
A120: 46239.636 | B120: HALEQ | C120: B | D120: 15 | E120: 4415 | F120: -10.426261 | G120: NSE:HAL | H120: 4928.9 | I120: Expired
A121: ######## | B121: KERNEXEQ | C121: B | D121: 1 | E121: 2064 | F121: -10.649351 | G121: NSE:KERNEX | H121: 2310 | I121: Expired
A122: ######## | B122: NETWEBEQ | C122: B | D122: 1 | E122: 4364 | F122: -10.93514 | G122: NSE:NETWEB | H122: 4899.8 | I122: Expired
A123: 46240.688 | B123: GOLDBEESEQ | C123: B | D123: 100 | E123: 111 | F123: -10.936372 | G123: NSE:GOLDBEES | H123: 124.63 | I123: Expired
A124: ######## | B124: ITBEESEQ | C124: B | D124: 200 | E124: 31.01 | F124: -11.702733 | G124: NSE:ITBEES | H124: 35.12 | I124: Expired
A125: 46241.765 | B125: SENCOEQ | C125: B | D125: 25 | E125: 352 | F125: -11.889862 | G125: NSE:SENCO | H125: 399.5 | I125: Expired
A126: 46239.79 | B126: EXIDEINDEQ | C126: B | D126: 5 | E126: 419 | F126: -13.429752 | G126: NSE:EXIDEIND | H126: 484 | I126: Expired
A127: ######## | B127: SONACOMSEQ | C127: B | D127: 4 | E127: 701 | F127: -13.723077 | G127: NSE:SONACOMS | H127: 812.5 | I127: Expired
A128: ######## | B128: NETWEBEQ | C128: B | D128: 1 | E128: 4164 | F128: -15.016939 | G128: NSE:NETWEB | H128: 4899.8 | I128: Expired
...

Sheet Sheet2
A1: Date | B1: Stock | C1: Order Type (Buy/Sell) | D1: Quantity | E1: Price | I1: Date | J1: Stock | K1: Order Type (Buy/Sell) | L1: Quantity | M1: Price | N1: Status
A2: 46234.688 | B2: NETWEBEQ | C2: B | D2: 1 | E2: 3914 | G2: =IF(COUNTIFS( Sheet1!$B:$B, B2, Sheet1!$C:$C, C2, Sheet1!$D:$D, D2, Sheet1!$E:$E, E2 ) = 0, "NO MATCH IN TARGET", "MATCHED") -> MATCHED | I2: 10 AUG 2026 09:50:10 AM | J2: GRSEEQ | K2: B | L2: 10 | M2: 2574 | N2: Executed
A3: 46234.688 | B3: NETWEBEQ | C3: B | D3: 1 | E3: 4014 | G3: =IF(COUNTIFS( Sheet1!$B:$B, B3, Sheet1!$C:$C, C3, Sheet1!$D:$D, D3, Sheet1!$E:$E, E3 ) = 0, "NO MATCH IN TARGET", "MATCHED") -> MATCHED | I3: 10 AUG 2026 09:22:23 AM | J3: AARTIPHARMEQ | K3: S | L3: 2 | M3: 823 | N3: Executed
A4: 46237.69 | B4: EXIDEINDEQ | C4: B | D4: 29 | E4: 401 | G4: =IF(COUNTIFS( Sheet1!$B:$B, B4, Sheet1!$C:$C, C4, Sheet1!$D:$D, D4, Sheet1!$E:$E, E4 ) = 0, "NO MATCH IN TARGET", "MATCHED") -> MATCHED | I4: 10 AUG 2026 09:01:06 AM | J4: SCIEQ | K4: B | L4: 20 | M4: 296 | N4: Executed
A5: 46237.769 | B5: KERNEXEQ | C5: B | D5: 1 | E5: 2064 | G5: =IF(COUNTIFS( Sheet1!$B:$B, B5, Sheet1!$C:$C, C5, Sheet1!$D:$D, D5, Sheet1!$E:$E, E5 ) = 0, "NO MATCH IN TARGET", "MATCHED") -> MATCHED | I5: 10 AUG 2026 09:01:06 AM | J5: ARE&MEQ | K5: B | L5: 5 | M5: 916 | N5: Executed
A6: 46237.69 | B6: NETWEBEQ | C6: B | D6: 1 | E6: 4164 | G6: =IF(COUNTIFS( Sheet1!$B:$B, B6, Sheet1!$C:$C, C6, Sheet1!$D:$D, D6, Sheet1!$E:$E, E6 ) = 0, "NO MATCH IN TARGET", "MATCHED") -> MATCHED | I6: 10 AUG 2026 09:01:06 AM | J6: SBINEQ | K6: B | L6: 2 | M6: 1076 | N6: Executed
A7: 46237.636 | B7: SONACOMSEQ | C7: B | D7: 4 | E7: 701 | G7: =IF(COUNTIFS( Sheet1!$B:$B, B7, Sheet1!$C:$C, C7, Sheet1!$D:$D, D7, Sheet1!$E:$E, E7 ) = 0, "NO MATCH IN TARGET", "MATCHED") -> MATCHED | I7: 10 AUG 2026 09:01:06 AM | J7: MOSCHIPEQ | K7: B | L7: 50 | M7: 203.5 | N7: Executed
A8: 05 AUG 2026 06:56:58 PM | B8: EXIDEINDEQ | C8: B | D8: 5 | E8: 419 | G8: =IF(COUNTIFS( Sheet1!$B:$B, B8, Sheet1!$C:$C, C8, Sheet1!$D:$D, D8, Sheet1!$E:$E, E8 ) = 0, "NO MATCH IN TARGET", "MATCHED") -> MATCHED | I8: 10 AUG 2026 09:01:06 AM | J8: RVNLEQ | K8: B | L8: 200 | M8: 230.5 | N8: Executed
A9: 05 AUG 2026 06:56:58 PM | B9: SENCOEQ | C9: B | D9: 25 | E9: 336 | G9: =IF(COUNTIFS( Sheet1!$B:$B, B9, Sheet1!$C:$C, C9, Sheet1!$D:$D, D9, Sheet1!$E:$E, E9 ) = 0, "NO MATCH IN TARGET", "MATCHED") -> MATCHED | I9: 10 AUG 2026 09:01:06 AM | J9: INDHOTELEQ | K9: B | L9: 5 | M9: 726 | N9: Executed
A10: 07 AUG 2026 06:22:16 PM | B10: KERNEXEQ | C10: B | D10: 1 | E10: 2164 | G10: =IF(COUNTIFS( Sheet1!$B:$B, B10, Sheet1!$C:$C, C10, Sheet1!$D:$D, D10, Sheet1!$E:$E, E10 ) = 0, "NO MATCH IN TARGET", "MATCHED") -> MATCHED | I10: 10 AUG 2026 09:01:06 AM | J10: IGILEQ | K10: B | L10: 50 | M10: 352 | N10: Executed
A11: 06 AUG 2026 04:30:41 PM | B11: KERNEXEQ | C11: B | D11: 2 | E11: 2164 | G11: =IF(COUNTIFS( Sheet1!$B:$B, B11, Sheet1!$C:$C, C11, Sheet1!$D:$D, D11, Sheet1!$E:$E, E11 ) = 0, "NO MATCH IN TARGET", "MATCHED") -> MATCHED | I11: 10 AUG 2026 09:01:05 AM | J11: RAILTELEQ | K11: B | L11: 50 | M11: 286 | N11: Executed
A12: 46238.691 | B12: NETWEBEQ | C12: B | D12: 1 | E12: 4364 | G12: =IF(COUNTIFS( Sheet1!$B:$B, B12, Sheet1!$C:$C, C12, Sheet1!$D:$D, D12, Sheet1!$E:$E, E12 ) = 0, "NO MATCH IN TARGET", "MATCHED") -> MATCHED | I12: 10 AUG 2026 09:01:06 AM | J12: MAXHEALTHEQ | K12: B | L12: 2 | M12: 1060 | N12: Executed
A13: 46237.769 | B13: ITBEESEQ | C13: B | D13: 200 | E13: 31.01 | G13: =IF(COUNTIFS( Sheet1!$B:$B, B13, Sheet1!$C:$C, C13, Sheet1!$D:$D, D13, Sheet1!$E:$E, E13 ) = 0, "NO MATCH IN TARGET", "MATCHED") -> MATCHED
A14: 07 AUG 2026 04:30:51 PM | B14: NETWEBEQ | C14: B | D14: 2 | E14: 4410 | G14: =IF(COUNTIFS( Sheet1!$B:$B, B14, Sheet1!$C:$C, C14, Sheet1!$D:$D, D14, Sheet1!$E:$E, E14 ) = 0, "NO MATCH IN TARGET", "MATCHED") -> MATCHED
A15: 07 AUG 2026 06:22:14 PM | B15: SENCOEQ | C15: B | D15: 25 | E15: 352 | G15: =IF(COUNTIFS( Sheet1!$B:$B, B15, Sheet1!$C:$C, C15, Sheet1!$D:$D, D15, Sheet1!$E:$E, E15 ) = 0, "NO MATCH IN TARGET", "MATCHED") -> MATCHED
A16: 05 AUG 2026 03:15:10 PM | B16: HALEQ | C16: B | D16: 15 | E16: 4415 | G16: =IF(COUNTIFS( Sheet1!$B:$B, B16, Sheet1!$C:$C, C16, Sheet1!$D:$D, D16, Sheet1!$E:$E, E16 ) = 0, "NO MATCH IN TARGET", "MATCHED") -> MATCHED
A17: 06 AUG 2026 04:30:44 PM | B17: GOLDBEESEQ | C17: B | D17: 100 | E17: 111 | G17: =IF(COUNTIFS( Sheet1!$B:$B, B17, Sheet1!$C:$C, C17, Sheet1!$D:$D, D17, Sheet1!$E:$E, E17 ) = 0, "NO MATCH IN TARGET", "MATCHED") -> MATCHED
A18: 46233.688 | B18: TVSMOTOREQ | C18: B | D18: 2 | E18: 4010 | G18: =IF(COUNTIFS( Sheet1!$B:$B, B18, Sheet1!$C:$C, C18, Sheet1!$D:$D, D18, Sheet1!$E:$E, E18 ) = 0, "NO MATCH IN TARGET", "MATCHED") -> MATCHED
A19: 46237.769 | B19: IGILEQ | C19: B | D19: 100 | E19: 322 | G19: =IF(COUNTIFS( Sheet1!$B:$B, B19, Sheet1!$C:$C, C19, Sheet1!$D:$D, D19, Sheet1!$E:$E, E19 ) = 0, "NO MATCH IN TARGET", "MATCHED") -> MATCHED
A20: 05 AUG 2026 06:57:00 PM | B20: TMCVEQ | C20: B | D20: 7 | E20: 411 | G20: =IF(COUNTIFS( Sheet1!$B:$B, B20, Sheet1!$C:$C, C20, Sheet1!$D:$D, D20, Sheet1!$E:$E, E20 ) = 0, "NO MATCH IN TARGET", "MATCHED") -> MATCHED
A21: 07 AUG 2026 04:30:55 PM | B21: JUSTDIALEQ | C21: B | D21: 20 | E21: 620 | G21: =IF(COUNTIFS( Sheet1!$B:$B, B21, Sheet1!$C:$C, C21, Sheet1!$D:$D, D21, Sheet1!$E:$E, E21 ) = 0, "NO MATCH IN TARGET", "MATCHED") -> MATCHED
A22: 06 AUG 2026 04:30:48 PM | B22: JUSTDIALEQ | C22: B | D22: 30 | E22: 620 | G22: =IF(COUNTIFS( Sheet1!$B:$B, B22, Sheet1!$C:$C, C22, Sheet1!$D:$D, D22, Sheet1!$E:$E, E22 ) = 0, "NO MATCH IN TARGET", "MATCHED") -> MATCHED
A23: 06 AUG 2026 03:15:12 PM | B23: HALEQ | C23: B | D23: 2 | E23: 4456 | G23: =IF(COUNTIFS( Sheet1!$B:$B, B23, Sheet1!$C:$C, C23, Sheet1!$D:$D, D23, Sheet1!$E:$E, E23 ) = 0, "NO MATCH IN TARGET", "MATCHED") -> MATCHED
A24: 07 AUG 2026 06:22:16 PM | B24: LALPATHLABEQ | C24: B | D24: 4 | E24: 1751 | G24: =IF(COUNTIFS( Sheet1!$B:$B, B24, Sheet1!$C:$C, C24, Sheet1!$D:$D, D24, Sheet1!$E:$E, E24 ) = 0, "NO MATCH IN TARGET", "MATCHED") -> MATCHED
A25: 46237.635 | B25: ABBEQ | C25: B | D25: 1 | E25: 6920 | G25: =IF(COUNTIFS( Sheet1!$B:$B, B25, Sheet1!$C:$C, C25, Sheet1!$D:$D, D25, Sheet1!$E:$E, E25 ) = 0, "NO MATCH IN TARGET", "MATCHED") -> MATCHED
A26: 46238.69 | B26: SCIEQ | C26: B | D26: 37 | E26: 277 | G26: =IF(COUNTIFS( Sheet1!$B:$B, B26, Sheet1!$C:$C, C26, Sheet1!$D:$D, D26, Sheet1!$E:$E, E26 ) = 0, "NO MATCH IN TARGET", "MATCHED") -> MATCHED
A27: 46237.69 | B27: ARE&MEQ | C27: B | D27: 5 | E27: 852 | G27: =IF(COUNTIFS( Sheet1!$B:$B, B27, Sheet1!$C:$C, C27, Sheet1!$D:$D, D27, Sheet1!$E:$E, E27 ) = 0, "NO MATCH IN TARGET", "MATCHED") -> MATCHED
A28: 46233.688 | B28: TVSMOTOREQ | C28: B | D28: 2 | E28: 4060 | G28: =IF(COUNTIFS( Sheet1!$B:$B, B28, Sheet1!$C:$C, C28, Sheet1!$D:$D, D28, Sheet1!$E:$E, E28 ) = 0, "NO MATCH IN TARGET", "MATCHED") -> MATCHED
A29: 05 AUG 2026 03:15:09 PM | B29: SBINEQ | C29: B | D29: 15 | E29: 1005 | G29: =IF(COUNTIFS( Sheet1!$B:$B, B29, Sheet1!$C:$C, C29, Sheet1!$D:$D, D29, Sheet1!$E:$E, E29 ) = 0, "NO MATCH IN TARGET", "MATCHED") -> MATCHED
A30: 07 AUG 2026 06:22:16 PM | B30: KERNEXEQ | C30: B | D30: 1 | E30: 2264 | G30: =IF(COUNTIFS( Sheet1!$B:$B, B30, Sheet1!$C:$C, C30, Sheet1!$D:$D, D30, Sheet1!$E:$E, E30 ) = 0, "NO MATCH IN TARGET", "MATCHED") -> MATCHED
A31: 06 AUG 2026 03:15:13 PM | B31: TCSEQ | C31: B | D31: 9 | E31: 2251 | G31: =IF(COUNTIFS( Sheet1!$B:$B, B31, Sheet1!$C:$C, C31, Sheet1!$D:$D, D31, Sheet1!$E:$E, E31 ) = 0, "NO MATCH IN TARGET", "MATCHED") -> MATCHED
A32: 06 AUG 2026 04:30:41 PM | B32: SILVERBEESEQ | C32: B | D32: 50 | E32: 202 | G32: =IF(COUNTIFS( Sheet1!$B:$B, B32, Sheet1!$C:$C, C32, Sheet1!$D:$D, D32, Sheet1!$E:$E, E32 ) = 0, "NO MATCH IN TARGET", "MATCHED") -> MATCHED
A33: 46237.769 | B33: IGILEQ | C33: B | D33: 100 | E33: 327 | G33: =IF(COUNTIFS( Sheet1!$B:$B, B33, Sheet1!$C:$C, C33, Sheet1!$D:$D, D33, Sheet1!$E:$E, E33 ) = 0, "NO MATCH IN TARGET", "MATCHED") -> MATCHED
A34: 07 AUG 2026 06:22:17 PM | B34: ARE&MEQ | C34: B | D34: 30 | E34: 860 | G34: =IF(COUNTIFS( Sheet1!$B:$B, B34, Sheet1!$C:$C, C34, Sheet1!$D:$D, D34, Sheet1!$E:$E, E34 ) = 0, "NO MATCH IN TARGET", "MATCHED") -> MATCHED
A35: 46238.636 | B35: CGPOWEREQ | C35: B | D35: 5 | E35: 812 | G35: =IF(COUNTIFS( Sheet1!$B:$B, B35, Sheet1!$C:$C, C35, Sheet1!$D:$D, D35, Sheet1!$E:$E, E35 ) = 0, "NO MATCH IN TARGET", "MATCHED") -> MATCHED
A36: 07 AUG 2026 06:22:17 PM | B36: EXIDEINDEQ | C36: B | D36: 5 | E36: 452 | G36: =IF(COUNTIFS( Sheet1!$B:$B, B36, Sheet1!$C:$C, C36, Sheet1!$D:$D, D36, Sheet1!$E:$E, E36 ) = 0, "NO MATCH IN TARGET", "MATCHED") -> MATCHED
A37: 46238.69 | B37: SCIEQ | C37: B | D37: 20 | E37: 281 | G37: =IF(COUNTIFS( Sheet1!$B:$B, B37, Sheet1!$C:$C, C37, Sheet1!$D:$D, D37, Sheet1!$E:$E, E37 ) = 0, "NO MATCH IN TARGET", "MATCHED") -> MATCHED
A38: 46237.636 | B38: TVSMOTOREQ | C38: B | D38: 1 | E38: 4110 | G38: =IF(COUNTIFS( Sheet1!$B:$B, B38, Sheet1!$C:$C, C38, Sheet1!$D:$D, D38, Sheet1!$E:$E, E38 ) = 0, "NO MATCH IN TARGET", "MATCHED") -> MATCHED
A39: 46237.69 | B39: PRINCEPIPEEQ | C39: B | D39: 10 | E39: 251 | G39: =IF(COUNTIFS( Sheet1!$B:$B, B39, Sheet1!$C:$C, C39, Sheet1!$D:$D, D39, Sheet1!$E:$E, E39 ) = 0, "NO MATCH IN TARGET", "MATCHED") -> MATCHED
A40: 07 AUG 2026 03:15:13 PM | B40: COCHINSHIPEQ | C40: B | D40: 10 | E40: 1410 | G40: =IF(COUNTIFS( Sheet1!$B:$B, B40, Sheet1!$C:$C, C40, Sheet1!$D:$D, D40, Sheet1!$E:$E, E40 ) = 0, "NO MATCH IN TARGET", "MATCHED") -> MATCHED
A41: 07 AUG 2026 03:15:10 PM | B41: HALEQ | C41: B | D41: 1 | E41: 4560 | G41: =IF(COUNTIFS( Sheet1!$B:$B, B41, Sheet1!$C:$C, C41, Sheet1!$D:$D, D41, Sheet1!$E:$E, E41 ) = 0, "NO MATCH IN TARGET", "MATCHED") -> MATCHED
A42: 46237.769 | B42: IGILEQ | C42: B | D42: 100 | E42: 331 | G42: =IF(COUNTIFS( Sheet1!$B:$B, B42, Sheet1!$C:$C, C42, Sheet1!$D:$D, D42, Sheet1!$E:$E, E42 ) = 0, "NO MATCH IN TARGET", "MATCHED") -> MATCHED
A43: 46233.688 | B43: LTEQ | C43: B | D43: 2 | E43: 3760 | G43: =IF(COUNTIFS( Sheet1!$B:$B, B43, Sheet1!$C:$C, C43, Sheet1!$D:$D, D43, Sheet1!$E:$E, E43 ) = 0, "NO MATCH IN TARGET", "MATCHED") -> MATCHED
A44: 07 AUG 2026 03:15:13 PM | B44: COCHINSHIPEQ | C44: B | D44: 10 | E44: 1420 | G44: =IF(COUNTIFS( Sheet1!$B:$B, B44, Sheet1!$C:$C, C44, Sheet1!$D:$D, D44, Sheet1!$E:$E, E44 ) = 0, "NO MATCH IN TARGET", "MATCHED") -> MATCHED
A45: 07 AUG 2026 06:22:15 PM | B45: SENCOEQ | C45: B | D45: 5 | E45: 366 | G45: =IF(COUNTIFS( Sheet1!$B:$B, B45, Sheet1!$C:$C, C45, Sheet1!$D:$D, D45, Sheet1!$E:$E, E45 ) = 0, "NO MATCH IN TARGET", "MATCHED") -> MATCHED
A46: 07 AUG 2026 04:30:51 PM | B46: GOLDBEESEQ | C46: B | D46: 200 | E46: 115.25 | G46: =IF(COUNTIFS( Sheet1!$B:$B, B46, Sheet1!$C:$C, C46, Sheet1!$D:$D, D46, Sheet1!$E:$E, E46 ) = 0, "NO MATCH IN TARGET", "MATCHED") -> MATCHED
A47: 07 AUG 2026 04:30:48 PM | B47: SILVERBEESEQ | C47: B | D47: 50 | E47: 206 | G47: =IF(COUNTIFS( Sheet1!$B:$B, B47, Sheet1!$C:$C, C47, Sheet1!$D:$D, D47, Sheet1!$E:$E, E47 ) = 0, "NO MATCH IN TARGET", "MATCHED") -> MATCHED
A48: 07 AUG 2026 04:30:55 PM | B48: JUSTDIALEQ | C48: B | D48: 10 | E48: 640 | G48: =IF(COUNTIFS( Sheet1!$B:$B, B48, Sheet1!$C:$C, C48, Sheet1!$D:$D, D48, Sheet1!$E:$E, E48 ) = 0, "NO MATCH IN TARGET", "MATCHED") -> MATCHED
A49: 06 AUG 2026 04:30:48 PM | B49: JUSTDIALEQ | C49: B | D49: 5 | E49: 640 | G49: =IF(COUNTIFS( Sheet1!$B:$B, B49, Sheet1!$C:$C, C49, Sheet1!$D:$D, D49, Sheet1!$E:$E, E49 ) = 0, "NO MATCH IN TARGET", "MATCHED") -> MATCHED
A50: 05 AUG 2026 07:02:42 PM | B50: JUSTDIALEQ | C50: B | D50: 30 | E50: 640 | G50: =IF(COUNTIFS( Sheet1!$B:$B, B50, Sheet1!$C:$C, C50, Sheet1!$D:$D, D50, Sheet1!$E:$E, E50 ) = 0, "NO MATCH IN TARGET", "MATCHED") -> MATCHED
A51: 05 AUG 2026 03:15:09 PM | B51: KFINTECHEQ | C51: B | D51: 40 | E51: 878 | G51: =IF(COUNTIFS( Sheet1!$B:$B, B51, Sheet1!$C:$C, C51, Sheet1!$D:$D, D51, Sheet1!$E:$E, E51 ) = 0, "NO MATCH IN TARGET", "MATCHED") -> MATCHED
A52: 07 AUG 2026 03:15:11 PM | B52: MAZDOCKEQ | C52: B | D52: 8 | E52: 2370 | G52: =IF(COUNTIFS( Sheet1!$B:$B, B52, Sheet1!$C:$C, C52, Sheet1!$D:$D, D52, Sheet1!$E:$E, E52 ) = 0, "NO MATCH IN TARGET", "MATCHED") -> MATCHED
A53: 07 AUG 2026 03:15:10 PM | B53: SBINEQ | C53: B | D53: 10 | E53: 1030 | G53: =IF(COUNTIFS( Sheet1!$B:$B, B53, Sheet1!$C:$C, C53, Sheet1!$D:$D, D53, Sheet1!$E:$E, E53 ) = 0, "NO MATCH IN TARGET", "MATCHED") -> MATCHED
A54: 07 AUG 2026 06:22:20 PM | B54: GRSEEQ | C54: B | D54: 30 | E54: 2435 | G54: =IF(COUNTIFS( Sheet1!$B:$B, B54, Sheet1!$C:$C, C54, Sheet1!$D:$D, D54, Sheet1!$E:$E, E54 ) = 0, "NO MATCH IN TARGET", "MATCHED") -> MATCHED
A55: 05 AUG 2026 04:43:15 PM | B55: IGILEQ | C55: B | D55: 100 | E55: 335 | G55: =IF(COUNTIFS( Sheet1!$B:$B, B55, Sheet1!$C:$C, C55, Sheet1!$D:$D, D55, Sheet1!$E:$E, E55 ) = 0, "NO MATCH IN TARGET", "MATCHED") -> MATCHED
... A59: 07 AUG 2026 03:15:11 PM | B59: MAXHEALTHEQ | C59: B | D59: 30 | E59: 1007 | G59: =IF(COUNTIFS( Sheet1!$B:$B, B59, Sheet1!$C:$C, C59, Sheet1!$D:$D, D59, Sheet1!$E:$E, E59 ) = 0, "NO MATCH IN TARGET", "MATCHED") -> MATCHED
A60: 46233.688 | B60: LTEQ | C60: B | D60: 3 | E60: 3810 | G60: =IF(COUNTIFS( Sheet1!$B:$B, B60, Sheet1!$C:$C, C60, Sheet1!$D:$D, D60, Sheet1!$E:$E, E60 ) = 0, "NO MATCH IN TARGET", "MATCHED") -> MATCHED
A61: 46237.636 | B61: RVNLEQ | C61: B | D61: 20 | E61: 220.1 | G61: =IF(COUNTIFS( Sheet1!$B:$B, B61, Sheet1!$C:$C, C61, Sheet1!$D:$D, D61, Sheet1!$E:$E, E61 ) = 0, "NO MATCH IN TARGET", "MATCHED") -> MATCHED
A62: 07 AUG 2026 06:21:45 PM | B62: ARE&MEQ | C62: B | D62: 11 | E62: 882 | G62: =IF(COUNTIFS( Sheet1!$B:$B, B62, Sheet1!$C:$C, C62, Sheet1!$D:$D, D62, Sheet1!$E:$E, E62 ) = 0, "NO MATCH IN TARGET", "MATCHED") -> MATCHED
A63: 07 AUG 2026 06:21:45 PM | B63: URBANCOEQ | C63: B | D63: 45 | E63: 136.1 | G63: =IF(COUNTIFS( Sheet1!$B:$B, B63, Sheet1!$C:$C, C63, Sheet1!$D:$D, D63, Sheet1!$E:$E, E63 ) = 0, "NO MATCH IN TARGET", "MATCHED") -> NO MATCH IN TARGET
A64: 07 AUG 2026 03:15:10 PM | B64: HALEQ | C64: B | D64: 1 | E64: 4640 | G64: =IF(COUNTIFS( Sheet1!$B:$B, B64, Sheet1!$C:$C, C64, Sheet1!$D:$D, D64, Sheet1!$E:$E, E64 ) = 0, "NO MATCH IN TARGET", "MATCHED") -> MATCHED
A65: 06 AUG 2026 04:30:51 PM | B65: URBANCOEQ | C65: B | D65: 45 | E65: 136.15 | G65: =IF(COUNTIFS( Sheet1!$B:$B, B65, Sheet1!$C:$C, C65, Sheet1!$D:$D, D65, Sheet1!$E:$E, E65 ) = 0, "NO MATCH IN TARGET", "MATCHED") -> MATCHED
A66: 07 AUG 2026 06:22:16 PM | B66: HUDCOEQ | C66: B | D66: 25 | E66: 190.1 | G66: =IF(COUNTIFS( Sheet1!$B:$B, B66, Sheet1!$C:$C, C66, Sheet1!$D:$D, D66, Sheet1!$E:$E, E66 ) = 0, "NO MATCH IN TARGET", "MATCHED") -> MATCHED
A67: 07 AUG 2026 04:30:55 PM | B67: IGILEQ | C67: B | D67: 100 | E67: 337 | G67: =IF(COUNTIFS( Sheet1!$B:$B, B67, Sheet1!$C:$C, C67, Sheet1!$D:$D, D67, Sheet1!$E:$E, E67 ) = 0, "NO MATCH IN TARGET", "MATCHED") -> MATCHED
A68: 07 AUG 2026 03:15:13 PM | B68: COCHINSHIPEQ | C68: B | D68: 10 | E68: 1440 | G68: =IF(COUNTIFS( Sheet1!$B:$B, B68, Sheet1!$C:$C, C68, Sheet1!$D:$D, D68, Sheet1!$E:$E, E68 ) = 0, "NO MATCH IN TARGET", "MATCHED") -> MATCHED
A69: 07 AUG 2026 03:15:12 PM | B69: TVSMOTOREQ | C69: B | D69: 1 | E69: 4206 | G69: =IF(COUNTIFS( Sheet1!$B:$B, B69, Sheet1!$C:$C, C69, Sheet1!$D:$D, D69, Sheet1!$E:$E, E69 ) = 0, "NO MATCH IN TARGET", "MATCHED") -> MATCHED
A70: 46237.636 | B70: LTEQ | C70: B | D70: 2 | E70: 3830 | G70: =IF(COUNTIFS( Sheet1!$B:$B, B70, Sheet1!$C:$C, C70, Sheet1!$D:$D, D70, Sheet1!$E:$E, E70 ) = 0, "NO MATCH IN TARGET", "MATCHED") -> MATCHED
A71: 07 AUG 2026 04:30:48 PM | B71: GRSEEQ | C71: B | D71: 30 | E71: 2460 | G71: =IF(COUNTIFS( Sheet1!$B:$B, B71, Sheet1!$C:$C, C71, Sheet1!$D:$D, D71, Sheet1!$E:$E, E71 ) = 0, "NO MATCH IN TARGET", "MATCHED") -> MATCHED
A72: 07 AUG 2026 03:15:13 PM | B72: CGPOWEREQ | C72: B | D72: 25 | E72: 836 | G72: =IF(COUNTIFS( Sheet1!$B:$B, B72, Sheet1!$C:$C, C72, Sheet1!$D:$D, D72, Sheet1!$E:$E, E72 ) = 0, "NO MATCH IN TARGET", "MATCHED") -> MATCHED
A73: 07 AUG 2026 06:21:45 PM | B73: MAFANGEQ | C73: B | D73: 25 | E73: 196 | G73: =IF(COUNTIFS( Sheet1!$B:$B, B73, Sheet1!$C:$C, C73, Sheet1!$D:$D, D73, Sheet1!$E:$E, E73 ) = 0, "NO MATCH IN TARGET", "MATCHED") -> MATCHED
A74: 07 AUG 2026 03:15:11 PM | B74: MAZDOCKEQ | C74: B | D74: 7 | E74: 2401 | G74: =IF(COUNTIFS( Sheet1!$B:$B, B74, Sheet1!$C:$C, C74, Sheet1!$D:$D, D74, Sheet1!$E:$E, E74 ) = 0, "NO MATCH IN TARGET", "MATCHED") -> MATCHED
A75: 07 AUG 2026 03:15:13 PM | B75: CGPOWEREQ | C75: B | D75: 5 | E75: 838 | G75: =IF(COUNTIFS( Sheet1!$B:$B, B75, Sheet1!$C:$C, C75, Sheet1!$D:$D, D75, Sheet1!$E:$E, E75 ) = 0, "NO MATCH IN TARGET", "MATCHED") -> MATCHED
A76: 06 AUG 2026 04:30:40 PM | B76: GRSEEQ | C76: B | D76: 5 | E76: 2470 | G76: =IF(COUNTIFS( Sheet1!$B:$B, B76, Sheet1!$C:$C, C76, Sheet1!$D:$D, D76, Sheet1!$E:$E, E76 ) = 0, "NO MATCH IN TARGET", "MATCHED") -> MATCHED
A77: 07 AUG 2026 06:21:43 PM | B77: ITBEESEQ | C77: B | D77: 500 | E77: 33.16 | G77: =IF(COUNTIFS( Sheet1!$B:$B, B77, Sheet1!$C:$C, C77, Sheet1!$D:$D, D77, Sheet1!$E:$E, E77 ) = 0, "NO MATCH IN TARGET", "MATCHED") -> MATCHED
A78: 46237.636 | B78: LTEQ | C78: B | D78: 2 | E78: 3856 | G78: =IF(COUNTIFS( Sheet1!$B:$B, B78, Sheet1!$C:$C, C78, Sheet1!$D:$D, D78, Sheet1!$E:$E, E78 ) = 0, "NO MATCH IN TARGET", "MATCHED") -> MATCHED
A79: 07 AUG 2026 03:15:13 PM | B79: COCHINSHIPEQ | C79: B | D79: 10 | E79: 1452 | G79: =IF(COUNTIFS( Sheet1!$B:$B, B79, Sheet1!$C:$C, C79, Sheet1!$D:$D, D79, Sheet1!$E:$E, E79 ) = 0, "NO MATCH IN TARGET", "MATCHED") -> MATCHED
A80: 07 AUG 2026 06:22:23 PM | B80: NETWEBEQ | C80: B | D80: 3 | E80: 4710 | G80: =IF(COUNTIFS( Sheet1!$B:$B, B80, Sheet1!$C:$C, C80, Sheet1!$D:$D, D80, Sheet1!$E:$E, E80 ) = 0, "NO MATCH IN TARGET", "MATCHED") -> MATCHED
A81: 46233.688 | B81: INDHOTELEQ | C81: B | D81: 5 | E81: 702 | G81: =IF(COUNTIFS( Sheet1!$B:$B, B81, Sheet1!$C:$C, C81, Sheet1!$D:$D, D81, Sheet1!$E:$E, E81 ) = 0, "NO MATCH IN TARGET", "MATCHED") -> MATCHED
A82: 07 AUG 2026 06:21:41 PM | B82: IGILEQ | C82: B | D82: 100 | E82: 340.2 | G82: =IF(COUNTIFS( Sheet1!$B:$B, B82, Sheet1!$C:$C, C82, Sheet1!$D:$D, D82, Sheet1!$E:$E, E82 ) = 0, "NO MATCH IN TARGET", "MATCHED") -> MATCHED
A83: 07 AUG 2026 03:15:07 PM | B83: DIXONEQ | C83: B | D83: 1 | E83: 13552 | G83: =IF(COUNTIFS( Sheet1!$B:$B, B83, Sheet1!$C:$C, C83, Sheet1!$D:$D, D83, Sheet1!$E:$E, E83 ) = 0, "NO MATCH IN TARGET", "MATCHED") -> MATCHED
A84: 07 AUG 2026 03:15:12 PM | B84: BSEEQ | C84: B | D84: 3 | E84: 3310 | G84: =IF(COUNTIFS( Sheet1!$B:$B, B84, Sheet1!$C:$C, C84, Sheet1!$D:$D, D84, Sheet1!$E:$E, E84 ) = 0, "NO MATCH IN TARGET", "MATCHED") -> MATCHED
A85: 07 AUG 2026 06:21:43 PM | B85: APOLLOTYREEQ | C85: B | D85: 40 | E85: 426 | G85: =IF(COUNTIFS( Sheet1!$B:$B, B85, Sheet1!$C:$C, C85, Sheet1!$D:$D, D85, Sheet1!$E:$E, E85 ) = 0, "NO MATCH IN TARGET", "MATCHED") -> MATCHED
A86: 07 AUG 2026 03:15:12 PM | B86: TCSEQ | C86: B | D86: 8 | E86: 2352 | G86: =IF(COUNTIFS( Sheet1!$B:$B, B86, Sheet1!$C:$C, C86, Sheet1!$D:$D, D86, Sheet1!$E:$E, E86 ) = 0, "NO MATCH IN TARGET", "MATCHED") -> MATCHED
A87: 07 AUG 2026 03:15:09 PM | B87: KFINTECHEQ | C87: B | D87: 40 | E87: 897 | G87: =IF(COUNTIFS( Sheet1!$B:$B, B87, Sheet1!$C:$C, C87, Sheet1!$D:$D, D87, Sheet1!$E:$E, E87 ) = 0, "NO MATCH IN TARGET", "MATCHED") -> MATCHED
A88: 07 AUG 2026 03:15:13 PM | B88: CDSLEQ | C88: B | D88: 69 | E88: 1277 | G88: =IF(COUNTIFS( Sheet1!$B:$B, B88, Sheet1!$C:$C, C88, Sheet1!$D:$D, D88, Sheet1!$E:$E, E88 ) = 0, "NO MATCH IN TARGET", "MATCHED") -> MATCHED
A89: 07 AUG 2026 04:30:48 PM | B89: GRSEEQ | C89: B | D89: 5 | E89: 2490 | G89: =IF(COUNTIFS( Sheet1!$B:$B, B89, Sheet1!$C:$C, C89, Sheet1!$D:$D, D89, Sheet1!$E:$E, E89 ) = 0, "NO MATCH IN TARGET", "MATCHED") -> MATCHED
A90: 46238.645 | B90: LTEQ | C90: B | D90: 5 | E90: 3888 | G90: =IF(COUNTIFS( Sheet1!$B:$B, B90, Sheet1!$C:$C, C90, Sheet1!$D:$D, D90, Sheet1!$E:$E, E90 ) = 0, "NO MATCH IN TARGET", "MATCHED") -> MATCHED
A91: 07 AUG 2026 06:22:16 PM | B91: SILVERBEESEQ | C91: B | D91: 50 | E91: 212 | G91: =IF(COUNTIFS( Sheet1!$B:$B, B91, Sheet1!$C:$C, C91, Sheet1!$D:$D, D91, Sheet1!$E:$E, E91 ) = 0, "NO MATCH IN TARGET", "MATCHED") -> MATCHED
A92: 06 AUG 2026 03:15:14 PM | B92: NAM-INDIAEQ | C92: B | D92: 5 | E92: 1132 | G92: =IF(COUNTIFS( Sheet1!$B:$B, B92, Sheet1!$C:$C, C92, Sheet1!$D:$D, D92, Sheet1!$E:$E, E92 ) = 0, "NO MATCH IN TARGET", "MATCHED") -> MATCHED
A93: 07 AUG 2026 03:15:12 PM | B93: TRENTEQ | C93: B | D93: 5 | E93: 2888 | G93: =IF(COUNTIFS( Sheet1!$B:$B, B93, Sheet1!$C:$C, C93, Sheet1!$D:$D, D93, Sheet1!$E:$E, E93 ) = 0, "NO MATCH IN TARGET", "MATCHED") -> MATCHED
A94: 07 AUG 2026 03:15:10 PM | B94: HDFCAMCEQ | C94: B | D94: 2 | E94: 2460 | G94: =IF(COUNTIFS( Sheet1!$B:$B, B94, Sheet1!$C:$C, C94, Sheet1!$D:$D, D94, Sheet1!$E:$E, E94 ) = 0, "NO MATCH IN TARGET", "MATCHED") -> MATCHED
A95: 07 AUG 2026 03:15:10 PM | B95: LODHAEQ | C95: B | D95: 10 | E95: 1166 | G95: =IF(COUNTIFS( Sheet1!$B:$B, B95, Sheet1!$C:$C, C95, Sheet1!$D:$D, D95, Sheet1!$E:$E, E95 ) = 0, "NO MATCH IN TARGET", "MATCHED") -> MATCHED
A96: 07 AUG 2026 03:15:13 PM | B96: CGPOWEREQ | C96: B | D96: 50 | E96: 850 | G96: =IF(COUNTIFS( Sheet1!$B:$B, B96, Sheet1!$C:$C, C96, Sheet1!$D:$D, D96, Sheet1!$E:$E, E96 ) = 0, "NO MATCH IN TARGET", "MATCHED") -> MATCHED
A97: 06 AUG 2026 04:30:48 PM | B97: IGILEQ | C97: B | D97: 50 | E97: 344 | G97: =IF(COUNTIFS( Sheet1!$B:$B, B97, Sheet1!$C:$C, C97, Sheet1!$D:$D, D97, Sheet1!$E:$E, E97 ) = 0, "NO MATCH IN TARGET", "MATCHED") -> MATCHED
A98: 07 AUG 2026 06:22:15 PM | B98: JUSTDIALEQ | C98: B | D98: 5 | E98: 660 | G98: =IF(COUNTIFS( Sheet1!$B:$B, B98, Sheet1!$C:$C, C98, Sheet1!$D:$D, D98, Sheet1!$E:$E, E98 ) = 0, "NO MATCH IN TARGET", "MATCHED") -> MATCHED
A99: 46238.636 | B99: MCXEQ | C99: B | D99: 2 | E99: 2552 | G99: =IF(COUNTIFS( Sheet1!$B:$B, B99, Sheet1!$C:$C, C99, Sheet1!$D:$D, D99, Sheet1!$E:$E, E99 ) = 0, "NO MATCH IN TARGET", "MATCHED") -> MATCHED
A100: 07 AUG 2026 03:15:11 PM | B100: BDLEQ | C100: B | D100: 10 | E100: 1251 | G100: =IF(COUNTIFS( Sheet1!$B:$B, B100, Sheet1!$C:$C, C100, Sheet1!$D:$D, D100, Sheet1!$E:$E, E100 ) = 0, "NO MATCH IN TARGET", "MATCHED") -> MATCHED
A101: 07 AUG 2026 03:29:33 PM | B101: SOLARINDSEQ | C101: B | D101: 1 | E101: 18052 | G101: =IF(COUNTIFS( Sheet1!$B:$B, B101, Sheet1!$C:$C, C101, Sheet1!$D:$D, D101, Sheet1!$E:$E, E101 ) = 0, "NO MATCH IN TARGET", "MATCHED") -> MATCHED
A102: 07 AUG 2026 06:21:44 PM | B102: GRSEEQ | C102: B | D102: 5 | E102: 2510 | G102: =IF(COUNTIFS( Sheet1!$B:$B, B102, Sheet1!$C:$C, C102, Sheet1!$D:$D, D102, Sheet1!$E:$E, E102 ) = 0, "NO MATCH IN TARGET", "MATCHED") -> MATCHED
A103: 46237.636 | B103: INDHOTELEQ | C103: B | D103: 5 | E103: 712 | G103: =IF(COUNTIFS( Sheet1!$B:$B, B103, Sheet1!$C:$C, C103, Sheet1!$D:$D, D103, Sheet1!$E:$E, E103 ) = 0, "NO MATCH IN TARGET", "MATCHED") -> MATCHED
...
