Workbook

Sheet Sheet1
A1: Date | B1: Stock | C1: Order Type (Buy/Sell) | D1: Quantity | E1: Price | F1: Status | G1: % Difference | H1: NSE Code | I1: Latest Recorded Price
A2: 46234.688 | B2: NETWEBEQ | C2: B | D2: 1 | E2: 3914 | F2: Expired | G2: =((E2-I2)/E2)*100 -> -24.936127 | H2: NSE:NETWEB | I2: 4890 | K2: =IF(COUNTIFS( $B$2:$B$979, B2, $C$2:$C$979, C2, $D$2:$D$979, D2, $E$2:$E$979, E2) > 1, "Duplicate", "Unique") -> Unique
A3: 46237.769 | B3: KERNEXEQ | C3: B | D3: 1 | E3: 2064 | F3: Expired | G3: =((E3-I3)/E3)*100 -> -23.837209 | H3: NSE:KERNEX | I3: 2556 | K3: =IF(COUNTIFS( $B$2:$B$979, B3, $C$2:$C$979, C3, $D$2:$D$979, D3, $E$2:$E$979, E3) > 1, "Duplicate", "Unique") -> Unique
A4: 46234.688 | B4: NETWEBEQ | C4: B | D4: 1 | E4: 4014 | F4: Expired | G4: =((E4-I4)/E4)*100 -> -21.823617 | H4: NSE:NETWEB | I4: 4890 | K4: =IF(COUNTIFS( $B$2:$B$979, B4, $C$2:$C$979, C4, $D$2:$D$979, D4, $E$2:$E$979, E4) > 1, "Duplicate", "Unique") -> Unique
A5: 05 AUG 2026 06:56:58 PM | B5: SENCOEQ | C5: B | D5: 25 | E5: 336 | F5: Expired | G5: =((E5-I5)/E5)*100 -> -18.89881 | H5: NSE:SENCO | I5: 399.5 | K5: =IF(COUNTIFS( $B$2:$B$979, B5, $C$2:$C$979, C5, $D$2:$D$979, D5, $E$2:$E$979, E5) > 1, "Duplicate", "Unique") -> Unique
A6: 05 AUG 2026 07:02:45 PM | B6: KERNEXEQ | C6: B | D6: 2 | E6: 2164 | F6: Expired | G6: =((E6-I6)/E6)*100 -> -18.114603 | H6: NSE:KERNEX | I6: 2556 | K6: =IF(COUNTIFS( $B$2:$B$979, B6, $C$2:$C$979, C6, $D$2:$D$979, D6, $E$2:$E$979, E6) > 1, "Duplicate", "Unique") -> Unique
A7: 46237.69 | B7: NETWEBEQ | C7: B | D7: 1 | E7: 4164 | F7: Expired | G7: =((E7-I7)/E7)*100 -> -17.435159 | H7: NSE:NETWEB | I7: 4890 | K7: =IF(COUNTIFS( $B$2:$B$979, B7, $C$2:$C$979, C7, $D$2:$D$979, D7, $E$2:$E$979, E7) > 1, "Duplicate", "Unique") -> Unique
A8: 46237.636 | B8: SONACOMSEQ | C8: B | D8: 4 | E8: 701 | F8: Expired | G8: =((E8-I8)/E8)*100 -> -16.533524 | H8: NSE:SONACOMS | I8: 816.9 | K8: =IF(COUNTIFS( $B$2:$B$979, B8, $C$2:$C$979, C8, $D$2:$D$979, D8, $E$2:$E$979, E8) > 1, "Duplicate", "Unique") -> Unique
A9: 46237.69 | B9: EXIDEINDEQ | C9: B | D9: 29 | E9: 401 | F9: Expired | G9: =((E9-I9)/E9)*100 -> -16.508728 | H9: NSE:EXIDEIND | I9: 467.2 | K9: =IF(COUNTIFS( $B$2:$B$979, B9, $C$2:$C$979, C9, $D$2:$D$979, D9, $E$2:$E$979, E9) > 1, "Duplicate", "Unique") -> Unique
A10: 05 AUG 2026 04:43:10 PM | B10: SENCOEQ | C10: B | D10: 25 | E10: 352 | F10: Expired | G10: =((E10-I10)/E10)*100 -> -13.494318 | H10: NSE:SENCO | I10: 399.5 | K10: =IF(COUNTIFS( $B$2:$B$979, B10, $C$2:$C$979, C10, $D$2:$D$979, D10, $E$2:$E$979, E10) > 1, "Duplicate", "Unique") -> Unique
A11: 05 AUG 2026 04:43:08 PM | B11: KERNEXEQ | C11: B | D11: 1 | E11: 2264 | F11: Expired | G11: =((E11-I11)/E11)*100 -> -12.897527 | H11: NSE:KERNEX | I11: 2556 | K11: =IF(COUNTIFS( $B$2:$B$979, B11, $C$2:$C$979, C11, $D$2:$D$979, D11, $E$2:$E$979, E11) > 1, "Duplicate", "Unique") -> Unique
A12: 46237.769 | B12: IGILEQ | C12: B | D12: 100 | E12: 322 | F12: Expired | G12: =((E12-I12)/E12)*100 -> -12.080745 | H12: NSE:IGIL | I12: 360.9 | K12: =IF(COUNTIFS( $B$2:$B$979, B12, $C$2:$C$979, C12, $D$2:$D$979, D12, $E$2:$E$979, E12) > 1, "Duplicate", "Unique") -> Unique
A13: 46237.769 | B13: ITBEESEQ | C13: B | D13: 200 | E13: 31.01 | F13: Expired | G13: =((E13-I13)/E13)*100 -> -12.060626 | H13: NSE:ITBEES | I13: 34.75 | K13: =IF(COUNTIFS( $B$2:$B$979, B13, $C$2:$C$979, C13, $D$2:$D$979, D13, $E$2:$E$979, E13) > 1, "Duplicate", "Unique") -> Unique
A14: 46238.691 | B14: NETWEBEQ | C14: B | D14: 1 | E14: 4364 | F14: Expired | G14: =((E14-I14)/E14)*100 -> -12.053162 | H14: NSE:NETWEB | I14: 4890 | K14: =IF(COUNTIFS( $B$2:$B$979, B14, $C$2:$C$979, C14, $D$2:$D$979, D14, $E$2:$E$979, E14) > 1, "Duplicate", "Unique") -> Unique
A15: 46237.635 | B15: ABBEQ | C15: B | D15: 1 | E15: 6920 | F15: Expired | G15: =((E15-I15)/E15)*100 -> -11.517341 | H15: NSE:ABB | I15: 7717 | K15: =IF(COUNTIFS( $B$2:$B$979, B15, $C$2:$C$979, C15, $D$2:$D$979, D15, $E$2:$E$979, E15) > 1, "Duplicate", "Unique") -> Unique
A16: 05 AUG 2026 06:56:58 PM | B16: EXIDEINDEQ | C16: B | D16: 5 | E16: 419 | F16: Expired | G16: =((E16-I16)/E16)*100 -> -11.50358 | H16: NSE:EXIDEIND | I16: 467.2 | K16: =IF(COUNTIFS( $B$2:$B$979, B16, $C$2:$C$979, C16, $D$2:$D$979, D16, $E$2:$E$979, E16) > 1, "Duplicate", "Unique") -> Unique
A17: 05 AUG 2026 06:56:59 PM | B17: NETWEBEQ | C17: B | D17: 2 | E17: 4410 | F17: Expired | G17: =((E17-I17)/E17)*100 -> -10.884354 | H17: NSE:NETWEB | I17: 4890 | K17: =IF(COUNTIFS( $B$2:$B$979, B17, $C$2:$C$979, C17, $D$2:$D$979, D17, $E$2:$E$979, E17) > 1, "Duplicate", "Unique") -> Unique
A18: 46233.688 | B18: TVSMOTOREQ | C18: B | D18: 2 | E18: 4010 | F18: Expired | G18: =((E18-I18)/E18)*100 -> -10.513716 | H18: NSE:TVSMOTOR | I18: 4431.6 | K18: =IF(COUNTIFS( $B$2:$B$979, B18, $C$2:$C$979, C18, $D$2:$D$979, D18, $E$2:$E$979, E18) > 1, "Duplicate", "Unique") -> Unique
A19: 46237.769 | B19: IGILEQ | C19: B | D19: 100 | E19: 327 | F19: Expired | G19: =((E19-I19)/E19)*100 -> -10.366972 | H19: NSE:IGIL | I19: 360.9 | K19: =IF(COUNTIFS( $B$2:$B$979, B19, $C$2:$C$979, C19, $D$2:$D$979, D19, $E$2:$E$979, E19) > 1, "Duplicate", "Unique") -> Unique
A20: 46237.69 | B20: ARE&MEQ | C20: B | D20: 5 | E20: 852 | F20: Expired | G20: =((E20-I20)/E20)*100 -> -10.258216 | H20: NSE:ARE&M | I20: 939.4 | K20: =IF(COUNTIFS( $B$2:$B$979, B20, $C$2:$C$979, C20, $D$2:$D$979, D20, $E$2:$E$979, E20) > 1, "Duplicate", "Unique") -> Unique
A21: 05 AUG 2026 06:57:00 PM | B21: TMCVEQ | C21: B | D21: 7 | E21: 411 | F21: Expired | G21: =((E21-I21)/E21)*100 -> -9.7080292 | H21: NSE:TMCV | I21: 450.9 | K21: =IF(COUNTIFS( $B$2:$B$979, B21, $C$2:$C$979, C21, $D$2:$D$979, D21, $E$2:$E$979, E21) > 1, "Duplicate", "Unique") -> Unique
A22: 46237.69 | B22: PRINCEPIPEEQ | C22: B | D22: 10 | E22: 251 | F22: Expired | G22: =((E22-I22)/E22)*100 -> -9.5418327 | H22: NSE:PRINCEPIPE | I22: 274.95 | K22: =IF(COUNTIFS( $B$2:$B$979, B22, $C$2:$C$979, C22, $D$2:$D$979, D22, $E$2:$E$979, E22) > 1, "Duplicate", "Unique") -> Unique
A23: 05 AUG 2026 06:56:59 PM | B23: ARE&MEQ | C23: B | D23: 30 | E23: 860 | F23: Expired | G23: =((E23-I23)/E23)*100 -> -9.2325581 | H23: NSE:ARE&M | I23: 939.4 | K23: =IF(COUNTIFS( $B$2:$B$979, B23, $C$2:$C$979, C23, $D$2:$D$979, D23, $E$2:$E$979, E23) > 1, "Duplicate", "Unique") -> Unique
A24: 05 AUG 2026 06:56:58 PM | B24: SENCOEQ | C24: B | D24: 5 | E24: 366 | F24: Expired | G24: =((E24-I24)/E24)*100 -> -9.1530055 | H24: NSE:SENCO | I24: 399.5 | K24: =IF(COUNTIFS( $B$2:$B$979, B24, $C$2:$C$979, C24, $D$2:$D$979, D24, $E$2:$E$979, E24) > 1, "Duplicate", "Unique") -> Unique
A25: 46233.688 | B25: TVSMOTOREQ | C25: B | D25: 2 | E25: 4060 | F25: Expired | G25: =((E25-I25)/E25)*100 -> -9.1527094 | H25: NSE:TVSMOTOR | I25: 4431.6 | K25: =IF(COUNTIFS( $B$2:$B$979, B25, $C$2:$C$979, C25, $D$2:$D$979, D25, $E$2:$E$979, E25) > 1, "Duplicate", "Unique") -> Unique
A26: 46237.769 | B26: IGILEQ | C26: B | D26: 100 | E26: 331 | F26: Expired | G26: =((E26-I26)/E26)*100 -> -9.0332326 | H26: NSE:IGIL | I26: 360.9 | K26: =IF(COUNTIFS( $B$2:$B$979, B26, $C$2:$C$979, C26, $D$2:$D$979, D26, $E$2:$E$979, E26) > 1, "Duplicate", "Unique") -> Unique
A27: 46238.636 | B27: CGPOWEREQ | C27: B | D27: 5 | E27: 812 | F27: Expired | G27: =((E27-I27)/E27)*100 -> -8.6330049 | H27: NSE:CGPOWER | I27: 882.1 | K27: =IF(COUNTIFS( $B$2:$B$979, B27, $C$2:$C$979, C27, $D$2:$D$979, D27, $E$2:$E$979, E27) > 1, "Duplicate", "Unique") -> Unique
A28: 46238.69 | B28: SCIEQ | C28: B | D28: 37 | E28: 277 | F28: Expired | G28: =((E28-I28)/E28)*100 -> -8.3754513 | H28: NSE:SCI | I28: 300.2 | K28: =IF(COUNTIFS( $B$2:$B$979, B28, $C$2:$C$979, C28, $D$2:$D$979, D28, $E$2:$E$979, E28) > 1, "Duplicate", "Unique") -> Unique
A29: 05 AUG 2026 03:15:10 PM | B29: BAJFINANCEEQ | C29: B | D29: 4 | E29: 1066 | F29: Expired | G29: =((E29-I29)/E29)*100 -> -8.1707317 | H29: NSE:BAJFINANCE | I29: 1153.1 | K29: =IF(COUNTIFS( $B$2:$B$979, B29, $C$2:$C$979, C29, $D$2:$D$979, D29, $E$2:$E$979, E29) > 1, "Duplicate", "Unique") -> Unique
A30: 05 AUG 2026 03:15:09 PM | B30: KFINTECHEQ | C30: B | D30: 40 | E30: 878 | F30: Expired | G30: =((E30-I30)/E30)*100 -> -8.0580866 | H30: NSE:KFINTECH | I30: 948.75 | K30: =IF(COUNTIFS( $B$2:$B$979, B30, $C$2:$C$979, C30, $D$2:$D$979, D30, $E$2:$E$979, E30) > 1, "Duplicate", "Unique") -> Unique
A31: 05 AUG 2026 06:57:00 PM | B31: LALPATHLABEQ | C31: B | D31: 4 | E31: 1751 | F31: Expired | G31: =((E31-I31)/E31)*100 -> -8.0525414 | H31: NSE:LALPATHLAB | I31: 1892 | K31: =IF(COUNTIFS( $B$2:$B$979, B31, $C$2:$C$979, C31, $D$2:$D$979, D31, $E$2:$E$979, E31) > 1, "Duplicate", "Unique") -> Unique
A32: 46237.636 | B32: TVSMOTOREQ | C32: B | D32: 1 | E32: 4110 | F32: Expired | G32: =((E32-I32)/E32)*100 -> -7.8248175 | H32: NSE:TVSMOTOR | I32: 4431.6 | K32: =IF(COUNTIFS( $B$2:$B$979, B32, $C$2:$C$979, C32, $D$2:$D$979, D32, $E$2:$E$979, E32) > 1, "Duplicate", "Unique") -> Unique
A33: 05 AUG 2026 04:43:15 PM | B33: IGILEQ | C33: B | D33: 100 | E33: 335 | F33: Expired | G33: =((E33-I33)/E33)*100 -> -7.7313433 | H33: NSE:IGIL | I33: 360.9 | K33: =IF(COUNTIFS( $B$2:$B$979, B33, $C$2:$C$979, C33, $D$2:$D$979, D33, $E$2:$E$979, E33) > 1, "Duplicate", "Unique") -> Unique
A34: 46237.636 | B34: TRENTEQ | C34: B | D34: 5 | E34: 2888 | F34: Expired | G34: =((E34-I34)/E34)*100 -> -7.6869806 | H34: NSE:TRENT | I34: 3110 | K34: =IF(COUNTIFS( $B$2:$B$979, B34, $C$2:$C$979, C34, $D$2:$D$979, D34, $E$2:$E$979, E34) > 1, "Duplicate", "Unique") -> Unique
A35: 46233.688 | B35: LTEQ | C35: B | D35: 2 | E35: 3760 | F35: Expired | G35: =((E35-I35)/E35)*100 -> -7.6329787 | H35: NSE:LT | I35: 4047 | K35: =IF(COUNTIFS( $B$2:$B$979, B35, $C$2:$C$979, C35, $D$2:$D$979, D35, $E$2:$E$979, E35) > 1, "Duplicate", "Unique") -> Unique
A36: 05 AUG 2026 06:56:59 PM | B36: GOLDBEESEQ | C36: B | D36: 100 | E36: 111 | F36: Expired | G36: =((E36-I36)/E36)*100 -> -7.5135135 | H36: NSE:GOLDBEES | I36: 119.34 | K36: =IF(COUNTIFS( $B$2:$B$979, B36, $C$2:$C$979, C36, $D$2:$D$979, D36, $E$2:$E$979, E36) > 1, "Duplicate", "Unique") -> Unique
A37: 46237.636 | B37: TCSEQ | C37: B | D37: 9 | E37: 2251 | F37: Expired | G37: =((E37-I37)/E37)*100 -> -7.2501111 | H37: NSE:TCS | I37: 2414.2 | K37: =IF(COUNTIFS( $B$2:$B$979, B37, $C$2:$C$979, C37, $D$2:$D$979, D37, $E$2:$E$979, E37) > 1, "Duplicate", "Unique") -> Unique
A38: 05 AUG 2026 04:43:15 PM | B38: IGILEQ | C38: B | D38: 100 | E38: 337 | F38: Expired | G38: =((E38-I38)/E38)*100 -> -7.0919881 | H38: NSE:IGIL | I38: 360.9 | K38: =IF(COUNTIFS( $B$2:$B$979, B38, $C$2:$C$979, C38, $D$2:$D$979, D38, $E$2:$E$979, E38) > 1, "Duplicate", "Unique") -> Unique
A39: 05 AUG 2026 07:02:42 PM | B39: JUSTDIALEQ | C39: B | D39: 30 | E39: 640 | F39: Expired | G39: =((E39-I39)/E39)*100 -> -7.03125 | H39: NSE:JUSTDIAL | I39: 685 | K39: =IF(COUNTIFS( $B$2:$B$979, B39, $C$2:$C$979, C39, $D$2:$D$979, D39, $E$2:$E$979, E39) > 1, "Duplicate", "Unique") -> Unique
A40: 05 AUG 2026 03:15:12 PM | B40: NAM-INDIAEQ | C40: B | D40: 5 | E40: 1132 | F40: Expired | G40: =((E40-I40)/E40)*100 -> -7.0229682 | H40: NSE:NAM-INDIA | I40: 1211.5 | K40: =IF(COUNTIFS( $B$2:$B$979, B40, $C$2:$C$979, C40, $D$2:$D$979, D40, $E$2:$E$979, E40) > 1, "Duplicate", "Unique") -> Unique
A41: 05 AUG 2026 03:15:10 PM | B41: LODHAEQ | C41: B | D41: 10 | E41: 1166 | F41: Expired | G41: =((E41-I41)/E41)*100 -> -6.9554031 | H41: NSE:LODHA | I41: 1247.1 | K41: =IF(COUNTIFS( $B$2:$B$979, B41, $C$2:$C$979, C41, $D$2:$D$979, D41, $E$2:$E$979, E41) > 1, "Duplicate", "Unique") -> Unique
A42: 05 AUG 2026 07:02:43 PM | B42: E2EEQ | C42: B | D42: 5 | E42: 560 | F42: Expired | G42: =((E42-I42)/E42)*100 -> -6.9017857 | H42: NSE:E2E | I42: 598.65 | K42: =IF(COUNTIFS( $B$2:$B$979, B42, $C$2:$C$979, C42, $D$2:$D$979, D42, $E$2:$E$979, E42) > 1, "Duplicate", "Unique") -> Unique
A43: 46238.69 | B43: SCIEQ | C43: B | D43: 20 | E43: 281 | F43: Expired | G43: =((E43-I43)/E43)*100 -> -6.8327402 | H43: NSE:SCI | I43: 300.2 | K43: =IF(COUNTIFS( $B$2:$B$979, B43, $C$2:$C$979, C43, $D$2:$D$979, D43, $E$2:$E$979, E43) > 1, "Duplicate", "Unique") -> Unique
A44: 05 AUG 2026 03:15:11 PM | B44: MAXHEALTHEQ | C44: B | D44: 30 | E44: 1007 | F44: Expired | G44: =((E44-I44)/E44)*100 -> -6.7527309 | H44: NSE:MAXHEALTH | I44: 1075 | K44: =IF(COUNTIFS( $B$2:$B$979, B44, $C$2:$C$979, C44, $D$2:$D$979, D44, $E$2:$E$979, E44) > 1, "Duplicate", "Unique") -> Unique
A45: 05 AUG 2026 04:43:03 PM | B45: ARE&MEQ | C45: B | D45: 11 | E45: 882 | F45: Expired | G45: =((E45-I45)/E45)*100 -> -6.5079365 | H45: NSE:ARE&M | I45: 939.4 | K45: =IF(COUNTIFS( $B$2:$B$979, B45, $C$2:$C$979, C45, $D$2:$D$979, D45, $E$2:$E$979, E45) > 1, "Duplicate", "Unique") -> Unique
A46: 46238.636 | B46: CAMSEQ | C46: B | D46: 25 | E46: 764 | F46: Expired | G46: =((E46-I46)/E46)*100 -> -6.263089 | H46: NSE:CAMS | I46: 811.85 | K46: =IF(COUNTIFS( $B$2:$B$979, B46, $C$2:$C$979, C46, $D$2:$D$979, D46, $E$2:$E$979, E46) > 1, "Duplicate", "Unique") -> Unique
A47: 05 AUG 2026 04:43:14 PM | B47: HUDCOEQ | C47: B | D47: 25 | E47: 190.1 | F47: Expired | G47: =((E47-I47)/E47)*100 -> -6.2598632 | H47: NSE:HUDCO | I47: 202 | K47: =IF(COUNTIFS( $B$2:$B$979, B47, $C$2:$C$979, C47, $D$2:$D$979, D47, $E$2:$E$979, E47) > 1, "Duplicate", "Unique") -> Unique
A48: 46233.688 | B48: LTEQ | C48: B | D48: 3 | E48: 3810 | F48: Expired | G48: =((E48-I48)/E48)*100 -> -6.2204724 | H48: NSE:LT | I48: 4047 | K48: =IF(COUNTIFS( $B$2:$B$979, B48, $C$2:$C$979, C48, $D$2:$D$979, D48, $E$2:$E$979, E48) > 1, "Duplicate", "Unique") -> Unique
A49: 05 AUG 2026 03:15:12 PM | B49: NAM-INDIAEQ | C49: B | D49: 5 | E49: 1142 | F49: Expired | G49: =((E49-I49)/E49)*100 -> -6.0858144 | H49: NSE:NAM-INDIA | I49: 1211.5 | K49: =IF(COUNTIFS( $B$2:$B$979, B49, $C$2:$C$979, C49, $D$2:$D$979, D49, $E$2:$E$979, E49) > 1, "Duplicate", "Unique") -> Unique
A50: 05 AUG 2026 04:43:15 PM | B50: IGILEQ | C50: B | D50: 100 | E50: 340.2 | F50: Expired | G50: =((E50-I50)/E50)*100 -> -6.0846561 | H50: NSE:IGIL | I50: 360.9 | K50: =IF(COUNTIFS( $B$2:$B$979, B50, $C$2:$C$979, C50, $D$2:$D$979, D50, $E$2:$E$979, E50) > 1, "Duplicate", "Unique") -> Unique
A51: 05 AUG 2026 03:15:12 PM | B51: BSEEQ | C51: B | D51: 1 | E51: 3310 | F51: Expired | G51: =((E51-I51)/E51)*100 -> -6.0725076 | H51: NSE:BSE | I51: 3511 | K51: =IF(COUNTIFS( $B$2:$B$979, B51, $C$2:$C$979, C51, $D$2:$D$979, D51, $E$2:$E$979, E51) > 1, "Duplicate", "Unique") -> Unique
A52: 05 AUG 2026 03:15:08 PM | B52: DIXONEQ | C52: B | D52: 1 | E52: 13552 | F52: Expired | G52: =((E52-I52)/E52)*100 -> -5.9622196 | H52: NSE:DIXON | I52: 14360 | K52: =IF(COUNTIFS( $B$2:$B$979, B52, $C$2:$C$979, C52, $D$2:$D$979, D52, $E$2:$E$979, E52) > 1, "Duplicate", "Unique") -> Unique
A53: 05 AUG 2026 03:15:12 PM | B53: TRENTEQ | C53: B | D53: 5 | E53: 2938 | F53: Expired | G53: =((E53-I53)/E53)*100 -> -5.8543227 | H53: NSE:TRENT | I53: 3110 | K53: =IF(COUNTIFS( $B$2:$B$979, B53, $C$2:$C$979, C53, $D$2:$D$979, D53, $E$2:$E$979, E53) > 1, "Duplicate", "Unique") -> Unique
A54: 05 AUG 2026 03:15:09 PM | B54: KFINTECHEQ | C54: B | D54: 40 | E54: 897 | F54: Expired | G54: =((E54-I54)/E54)*100 -> -5.7692308 | H54: NSE:KFINTECH | I54: 948.75 | K54: =IF(COUNTIFS( $B$2:$B$979, B54, $C$2:$C$979, C54, $D$2:$D$979, D54, $E$2:$E$979, E54) > 1, "Duplicate", "Unique") -> Unique
A55: 46237.636 | B55: LTEQ | C55: B | D55: 2 | E55: 3830 | F55: Expired | G55: =((E55-I55)/E55)*100 -> -5.6657963 | H55: NSE:LT | I55: 4047 | K55: =IF(COUNTIFS( $B$2:$B$979, B55, $C$2:$C$979, C55, $D$2:$D$979, D55, $E$2:$E$979, E55) > 1, "Duplicate", "Unique") -> Unique
A56: 05 AUG 2026 06:56:53 PM | B56: SILVERBEESEQ | C56: B | D56: 50 | E56: 202 | F56: Expired | G56: =((E56-I56)/E56)*100 -> -5.6435644 | H56: NSE:SILVERBEES | I56: 213.4 | K56: =IF(COUNTIFS( $B$2:$B$979, B56, $C$2:$C$979, C56, $D$2:$D$979, D56, $E$2:$E$979, E56) > 1, "Duplicate", "Unique") -> Unique
A57: 05 AUG 2026 03:15:13 PM | B57: CGPOWEREQ | C57: B | D57: 25 | E57: 836 | F57: Expired | G57: =((E57-I57)/E57)*100 -> -5.5143541 | H57: NSE:CGPOWER | I57: 882.1 | K57: =IF(COUNTIFS( $B$2:$B$979, B57, $C$2:$C$979, C57, $D$2:$D$979, D57, $E$2:$E$979, E57) > 1, "Duplicate", "Unique") -> Unique
A58: 05 AUG 2026 03:15:12 PM | B58: TVSMOTOREQ | C58: B | D58: 1 | E58: 4206 | F58: Expired | G58: =((E58-I58)/E58)*100 -> -5.363766 | H58: NSE:TVSMOTOR | I58: 4431.6 | K58: =IF(COUNTIFS( $B$2:$B$979, B58, $C$2:$C$979, C58, $D$2:$D$979, D58, $E$2:$E$979, E58) > 1, "Duplicate", "Unique") -> Unique
A59: 05 AUG 2026 03:15:13 PM | B59: CGPOWEREQ | C59: B | D59: 5 | E59: 838 | F59: Expired | G59: =((E59-I59)/E59)*100 -> -5.2625298 | H59: NSE:CGPOWER | I59: 882.1 | K59: =IF(COUNTIFS( $B$2:$B$979, B59, $C$2:$C$979, C59, $D$2:$D$979, D59, $E$2:$E$979, E59) > 1, "Duplicate", "Unique") -> Unique
A60: 05 AUG 2026 03:15:12 PM | B60: NAM-INDIAEQ | C60: B | D60: 5 | E60: 1152 | F60: Expired | G60: =((E60-I60)/E60)*100 -> -5.1649306 | H60: NSE:NAM-INDIA | I60: 1211.5 | K60: =IF(COUNTIFS( $B$2:$B$979, B60, $C$2:$C$979, C60, $D$2:$D$979, D60, $E$2:$E$979, E60) > 1, "Duplicate", "Unique") -> Unique
A61: 05 AUG 2026 06:56:53 PM | B61: URBANCOEQ | C61: B | D61: 45 | E61: 136.15 | F61: Expired | G61: =((E61-I61)/E61)*100 -> -5.0312156 | H61: NSE:URBANCO | I61: 143 | K61: =IF(COUNTIFS( $B$2:$B$979, B61, $C$2:$C$979, C61, $D$2:$D$979, D61, $E$2:$E$979, E61) > 1, "Duplicate", "Unique") -> Unique
A62: 05 AUG 2026 03:15:10 PM | B62: HALEQ | C62: B | D62: 15 | E62: 4415 | F62: Expired | G62: =((E62-I62)/E62)*100 -> -4.9920725 | H62: NSE:HAL | I62: 4635.4 | K62: =IF(COUNTIFS( $B$2:$B$979, B62, $C$2:$C$979, C62, $D$2:$D$979, D62, $E$2:$E$979, E62) > 1, "Duplicate", "Unique") -> Unique
A63: 05 AUG 2026 03:15:10 PM | B63: LODHAEQ | C63: B | D63: 5 | E63: 1188 | F63: Expired | G63: =((E63-I63)/E63)*100 -> -4.9747475 | H63: NSE:LODHA | I63: 1247.1 | K63: =IF(COUNTIFS( $B$2:$B$979, B63, $C$2:$C$979, C63, $D$2:$D$979, D63, $E$2:$E$979, E63) > 1, "Duplicate", "Unique") -> Unique
A64: 05 AUG 2026 04:43:04 PM | B64: SCIEQ | C64: B | D64: 20 | E64: 286 | F64: Expired | G64: =((E64-I64)/E64)*100 -> -4.965035 | H64: NSE:SCI | I64: 300.2 | K64: =IF(COUNTIFS( $B$2:$B$979, B64, $C$2:$C$979, C64, $D$2:$D$979, D64, $E$2:$E$979, E64) > 1, "Duplicate", "Unique") -> Unique
A65: 46237.636 | B65: LTEQ | C65: B | D65: 2 | E65: 3856 | F65: Expired | G65: =((E65-I65)/E65)*100 -> -4.9533195 | H65: NSE:LT | I65: 4047 | K65: =IF(COUNTIFS( $B$2:$B$979, B65, $C$2:$C$979, C65, $D$2:$D$979, D65, $E$2:$E$979, E65) > 1, "Duplicate", "Unique") -> Unique
A66: 05 AUG 2026 03:15:09 PM | B66: SBINEQ | C66: B | D66: 15 | E66: 1005 | F66: Expired | G66: =((E66-I66)/E66)*100 -> -4.9253731 | H66: NSE:SBIN | I66: 1054.5 | K66: =IF(COUNTIFS( $B$2:$B$979, B66, $C$2:$C$979, C66, $D$2:$D$979, D66, $E$2:$E$979, E66) > 1, "Duplicate", "Unique") -> Unique
A67: 05 AUG 2026 07:02:46 PM | B67: IGILEQ | C67: B | D67: 50 | E67: 344 | F67: Expired | G67: =((E67-I67)/E67)*100 -> -4.9127907 | H67: NSE:IGIL | I67: 360.9 | K67: =IF(COUNTIFS( $B$2:$B$979, B67, $C$2:$C$979, C67, $D$2:$D$979, D67, $E$2:$E$979, E67) > 1, "Duplicate", "Unique") -> Unique
A68: 46237.636 | B68: SOLARINDSEQ | C68: B | D68: 1 | E68: 17552 | F68: Expired | G68: =((E68-I68)/E68)*100 -> -4.8028715 | H68: NSE:SOLARINDS | I68: 18395 | K68: =IF(COUNTIFS( $B$2:$B$979, B68, $C$2:$C$979, C68, $D$2:$D$979, D68, $E$2:$E$979, E68) > 1, "Duplicate", "Unique") -> Unique
A69: 05 AUG 2026 06:56:56 PM | B69: ITBEESEQ | C69: B | D69: 500 | E69: 33.16 | F69: Expired | G69: =((E69-I69)/E69)*100 -> -4.7949337 | H69: NSE:ITBEES | I69: 34.75 | K69: =IF(COUNTIFS( $B$2:$B$979, B69, $C$2:$C$979, C69, $D$2:$D$979, D69, $E$2:$E$979, E69) > 1, "Duplicate", "Unique") -> Unique
A70: 46233.688 | B70: INDHOTELEQ | C70: B | D70: 5 | E70: 702 | F70: Expired | G70: =((E70-I70)/E70)*100 -> -4.7008547 | H70: NSE:INDHOTEL | I70: 735 | K70: =IF(COUNTIFS( $B$2:$B$979, B70, $C$2:$C$979, C70, $D$2:$D$979, D70, $E$2:$E$979, E70) > 1, "Duplicate", "Unique") -> Unique
A71: 46234.688 | B71: BSEEQ | C71: B | D71: 1 | E71: 3360 | F71: Expired | G71: =((E71-I71)/E71)*100 -> -4.4940476 | H71: NSE:BSE | I71: 3511 | K71: =IF(COUNTIFS( $B$2:$B$979, B71, $C$2:$C$979, C71, $D$2:$D$979, D71, $E$2:$E$979, E71) > 1, "Duplicate", "Unique") -> Unique
A72: 05 AUG 2026 03:15:12 PM | B72: NAM-INDIAEQ | C72: B | D72: 5 | E72: 1161 | F72: Expired | G72: =((E72-I72)/E72)*100 -> -4.3496985 | H72: NSE:NAM-INDIA | I72: 1211.5 | K72: =IF(COUNTIFS( $B$2:$B$979, B72, $C$2:$C$979, C72, $D$2:$D$979, D72, $E$2:$E$979, E72) > 1, "Duplicate", "Unique") -> Unique
A73: 05 AUG 2026 03:15:13 PM | B73: CDSLEQ | C73: B | D73: 69 | E73: 1277 | F73: Expired | G73: =((E73-I73)/E73)*100 -> -4.1503524 | H73: NSE:CDSL | I73: 1330 | K73: =IF(COUNTIFS( $B$2:$B$979, B73, $C$2:$C$979, C73, $D$2:$D$979, D73, $E$2:$E$979, E73) > 1, "Duplicate", "Unique") -> Unique
A74: 46238.645 | B74: LTEQ | C74: B | D74: 5 | E74: 3888 | F74: Expired | G74: =((E74-I74)/E74)*100 -> -4.0895062 | H74: NSE:LT | I74: 4047 | K74: =IF(COUNTIFS( $B$2:$B$979, B74, $C$2:$C$979, C74, $D$2:$D$979, D74, $E$2:$E$979, E74) > 1, "Duplicate", "Unique") -> Unique
A75: 05 AUG 2026 03:15:10 PM | B75: HALEQ | C75: B | D75: 2 | E75: 4456 | F75: Expired | G75: =((E75-I75)/E75)*100 -> -4.0260323 | H75: NSE:HAL | I75: 4635.4 | K75: =IF(COUNTIFS( $B$2:$B$979, B75, $C$2:$C$979, C75, $D$2:$D$979, D75, $E$2:$E$979, E75) > 1, "Duplicate", "Unique") -> Unique
A76: 46237.636 | B76: RVNLEQ | C76: B | D76: 20 | E76: 220.1 | F76: Expired | G76: =((E76-I76)/E76)*100 -> -3.8709677 | H76: NSE:RVNL | I76: 228.62 | K76: =IF(COUNTIFS( $B$2:$B$979, B76, $C$2:$C$979, C76, $D$2:$D$979, D76, $E$2:$E$979, E76) > 1, "Duplicate", "Unique") -> Unique
A77: 05 AUG 2026 03:15:11 PM | B77: HDFCAMCEQ | C77: B | D77: 2 | E77: 2460 | F77: Expired | G77: =((E77-I77)/E77)*100 -> -3.8699187 | H77: NSE:HDFCAMC | I77: 2555.2 | K77: =IF(COUNTIFS( $B$2:$B$979, B77, $C$2:$C$979, C77, $D$2:$D$979, D77, $E$2:$E$979, E77) > 1, "Duplicate", "Unique") -> Unique
A78: 05 AUG 2026 07:02:43 PM | B78: JUSTDIALEQ | C78: B | D78: 5 | E78: 660 | F78: Expired | G78: =((E78-I78)/E78)*100 -> -3.7878788 | H78: NSE:JUSTDIAL | I78: 685 | K78: =IF(COUNTIFS( $B$2:$B$979, B78, $C$2:$C$979, C78, $D$2:$D$979, D78, $E$2:$E$979, E78) > 1, "Duplicate", "Unique") -> Unique
A79: 05 AUG 2026 03:15:13 PM | B79: CGPOWEREQ | C79: B | D79: 50 | E79: 850 | F79: Expired | G79: =((E79-I79)/E79)*100 -> -3.7764706 | H79: NSE:CGPOWER | I79: 882.1 | K79: =IF(COUNTIFS( $B$2:$B$979, B79, $C$2:$C$979, C79, $D$2:$D$979, D79, $E$2:$E$979, E79) > 1, "Duplicate", "Unique") -> Unique
A80: 05 AUG 2026 04:43:03 PM | B80: APOLLOTYREEQ | C80: B | D80: 40 | E80: 426 | F80: Expired | G80: =((E80-I80)/E80)*100 -> -3.7558685 | H80: NSE:APOLLOTYRE | I80: 442 | K80: =IF(COUNTIFS( $B$2:$B$979, B80, $C$2:$C$979, C80, $D$2:$D$979, D80, $E$2:$E$979, E80) > 1, "Duplicate", "Unique") -> Unique
A81: 05 AUG 2026 04:43:15 PM | B81: IGILEQ | C81: B | D81: 50 | E81: 348 | F81: Expired | G81: =((E81-I81)/E81)*100 -> -3.7068966 | H81: NSE:IGIL | I81: 360.9 | K81: =IF(COUNTIFS( $B$2:$B$979, B81, $C$2:$C$979, C81, $D$2:$D$979, D81, $E$2:$E$979, E81) > 1, "Duplicate", "Unique") -> Unique
A82: 05 AUG 2026 06:57:06 PM | B82: SILVERBEESEQ | C82: B | D82: 50 | E82: 206 | F82: Expired | G82: =((E82-I82)/E82)*100 -> -3.592233 | H82: NSE:SILVERBEES | I82: 213.4 | K82: =IF(COUNTIFS( $B$2:$B$979, B82, $C$2:$C$979, C82, $D$2:$D$979, D82, $E$2:$E$979, E82) > 1, "Duplicate", "Unique") -> Unique
A83: 05 AUG 2026 04:43:06 PM | B83: ZENTECEQ | C83: B | D83: 5 | E83: 1614 | F83: Expired | G83: =((E83-I83)/E83)*100 -> -3.5315985 | H83: NSE:ZENTEC | I83: 1671 | K83: =IF(COUNTIFS( $B$2:$B$979, B83, $C$2:$C$979, C83, $D$2:$D$979, D83, $E$2:$E$979, E83) > 1, "Duplicate", "Unique") -> Unique
A84: 05 AUG 2026 03:15:09 PM | B84: KFINTECHEQ | C84: B | D84: 20 | E84: 917 | F84: Expired | G84: =((E84-I84)/E84)*100 -> -3.4623773 | H84: NSE:KFINTECH | I84: 948.75 | K84: =IF(COUNTIFS( $B$2:$B$979, B84, $C$2:$C$979, C84, $D$2:$D$979, D84, $E$2:$E$979, E84) > 1, "Duplicate", "Unique") -> Unique
A85: 46237.636 | B85: INDHOTELEQ | C85: B | D85: 5 | E85: 712 | F85: Expired | G85: =((E85-I85)/E85)*100 -> -3.2303371 | H85: NSE:INDHOTEL | I85: 735 | K85: =IF(COUNTIFS( $B$2:$B$979, B85, $C$2:$C$979, C85, $D$2:$D$979, D85, $E$2:$E$979, E85) > 1, "Duplicate", "Unique") -> Unique
A86: 05 AUG 2026 04:43:07 PM | B86: GRSEEQ | C86: B | D86: 30 | E86: 2435 | F86: Expired | G86: =((E86-I86)/E86)*100 -> -3.1211499 | H86: NSE:GRSE | I86: 2511 | K86: =IF(COUNTIFS( $B$2:$B$979, B86, $C$2:$C$979, C86, $D$2:$D$979, D86, $E$2:$E$979, E86) > 1, "Duplicate", "Unique") -> Unique
A87: 05 AUG 2026 03:28:52 PM | B87: BSEEQ | C87: B | D87: 2 | E87: 3410 | F87: Expired | G87: =((E87-I87)/E87)*100 -> -2.9618768 | H87: NSE:BSE | I87: 3511 | K87: =IF(COUNTIFS( $B$2:$B$979, B87, $C$2:$C$979, C87, $D$2:$D$979, D87, $E$2:$E$979, E87) > 1, "Duplicate", "Unique") -> Unique
A88: 05 AUG 2026 03:28:46 PM | B88: TVSMOTOREQ | C88: B | D88: 1 | E88: 4306 | F88: Expired | G88: =((E88-I88)/E88)*100 -> -2.9168602 | H88: NSE:TVSMOTOR | I88: 4431.6 | K88: =IF(COUNTIFS( $B$2:$B$979, B88, $C$2:$C$979, C88, $D$2:$D$979, D88, $E$2:$E$979, E88) > 1, "Duplicate", "Unique") -> Unique
A89: 05 AUG 2026 03:28:46 PM | B89: LTEQ | C89: B | D89: 5 | E89: 3938 | F89: Expired | G89: =((E89-I89)/E89)*100 -> -2.7679025 | H89: NSE:LT | I89: 4047 | K89: =IF(COUNTIFS( $B$2:$B$979, B89, $C$2:$C$979, C89, $D$2:$D$979, D89, $E$2:$E$979, E89) > 1, "Duplicate", "Unique") -> Unique
A90: 05 AUG 2026 06:56:54 PM | B90: IRCONEQ | C90: B | D90: 150 | E90: 128 | F90: Expired | G90: =((E90-I90)/E90)*100 -> -2.65625 | H90: NSE:IRCON | I90: 131.4 | K90: =IF(COUNTIFS( $B$2:$B$979, B90, $C$2:$C$979, C90, $D$2:$D$979, D90, $E$2:$E$979, E90) > 1, "Duplicate", "Unique") -> Unique
A91: 05 AUG 2026 03:28:51 PM | B91: TCSEQ | C91: B | D91: 8 | E91: 2352 | F91: Expired | G91: =((E91-I91)/E91)*100 -> -2.6445578 | H91: NSE:TCS | I91: 2414.2 | K91: =IF(COUNTIFS( $B$2:$B$979, B91, $C$2:$C$979, C91, $D$2:$D$979, D91, $E$2:$E$979, E91) > 1, "Duplicate", "Unique") -> Unique
A92: 05 AUG 2026 04:43:15 PM | B92: IGILEQ | C92: B | D92: 50 | E92: 352 | F92: Expired | G92: =((E92-I92)/E92)*100 -> -2.5284091 | H92: NSE:IGIL | I92: 360.9 | K92: =IF(COUNTIFS( $B$2:$B$979, B92, $C$2:$C$979, C92, $D$2:$D$979, D92, $E$2:$E$979, E92) > 1, "Duplicate", "Unique") -> Unique
A93: 05 AUG 2026 03:28:49 PM | B93: LTEQ | C93: B | D93: 10 | E93: 3950 | F93: Expired | G93: =((E93-I93)/E93)*100 -> -2.4556962 | H93: NSE:LT | I93: 4047 | K93: =IF(COUNTIFS( $B$2:$B$979, B93, $C$2:$C$979, C93, $D$2:$D$979, D93, $E$2:$E$979, E93) > 1, "Duplicate", "Unique") -> Unique
A94: 05 AUG 2026 03:28:44 PM | B94: CAMSEQ | C94: B | D94: 20 | E94: 793 | F94: Expired | G94: =((E94-I94)/E94)*100 -> -2.3770492 | H94: NSE:CAMS | I94: 811.85 | K94: =IF(COUNTIFS( $B$2:$B$979, B94, $C$2:$C$979, C94, $D$2:$D$979, D94, $E$2:$E$979, E94) > 1, "Duplicate", "Unique") -> Unique
A95: 05 AUG 2026 03:28:46 PM | B95: KFINTECHEQ | C95: B | D95: 10 | E95: 927 | F95: Expired | G95: =((E95-I95)/E95)*100 -> -2.3462783 | H95: NSE:KFINTECH | I95: 948.75 | K95: =IF(COUNTIFS( $B$2:$B$979, B95, $C$2:$C$979, C95, $D$2:$D$979, D95, $E$2:$E$979, E95) > 1, "Duplicate", "Unique") -> Unique
A96: 05 AUG 2026 03:28:53 PM | B96: CDSLEQ | C96: B | D96: 3 | E96: 1302 | F96: Expired | G96: =((E96-I96)/E96)*100 -> -2.1505376 | H96: NSE:CDSL | I96: 1330 | K96: =IF(COUNTIFS( $B$2:$B$979, B96, $C$2:$C$979, C96, $D$2:$D$979, D96, $E$2:$E$979, E96) > 1, "Duplicate", "Unique") -> Unique
A97: 05 AUG 2026 06:56:54 PM | B97: GRSEEQ | C97: B | D97: 30 | E97: 2460 | F97: Expired | G97: =((E97-I97)/E97)*100 -> -2.0731707 | H97: NSE:GRSE | I97: 2511 | K97: =IF(COUNTIFS( $B$2:$B$979, B97, $C$2:$C$979, C97, $D$2:$D$979, D97, $E$2:$E$979, E97) > 1, "Duplicate", "Unique") -> Unique
A98: 46238.636 | B98: MCXEQ | C98: B | D98: 2 | E98: 2552 | F98: Expired | G98: =((E98-I98)/E98)*100 -> -1.8221003 | H98: NSE:MCX | I98: 2598.5 | K98: =IF(COUNTIFS( $B$2:$B$979, B98, $C$2:$C$979, C98, $D$2:$D$979, D98, $E$2:$E$979, E98) > 1, "Duplicate", "Unique") -> Unique
A99: 05 AUG 2026 03:15:14 PM | B99: IRFCEQ | C99: B | D99: 100 | E99: 87.3 | F99: Expired | G99: =((E99-I99)/E99)*100 -> -1.8098511 | H99: NSE:IRFC | I99: 88.88 | K99: =IF(COUNTIFS( $B$2:$B$979, B99, $C$2:$C$979, C99, $D$2:$D$979, D99, $E$2:$E$979, E99) > 1, "Duplicate", "Unique") -> Unique
A100: 05 AUG 2026 03:28:46 PM | B100: HALEQ | C100: B | D100: 1 | E100: 4560 | F100: Expired | G100: =((E100-I100)/E100)*100 -> -1.6535088 | H100: NSE:HAL | I100: 4635.4 | K100: =IF(COUNTIFS( $B$2:$B$979, B100, $C$2:$C$979, C100, $D$2:$D$979, D100, $E$2:$E$979, E100) > 1, "Duplicate", "Unique") -> Unique
...

Sheet Sheet3
A1: Date | B1: Stock | C1: Order Type (Buy/Sell) | D1: Quantity | E1: Price | F1: Status
A2: 46238.636 | B2: RVNLEQ | C2: B | D2: 200 | E2: 230.1 | F2: Expired | G2: =IF(COUNTIFS( Sheet1!$B:$B, B2, Sheet1!$C:$C, C2, Sheet1!$D:$D, D2, Sheet1!$E:$E, E2 ) = 0, "NO MATCH IN TARGET", "MATCHED") -> NO MATCH IN TARGET
A3: 46238.645 | B3: MAXHEALTHEQ | C3: B | D3: 2 | E3: 1060 | F3: Expired | G3: =IF(COUNTIFS( Sheet1!$B:$B, B3, Sheet1!$C:$C, C3, Sheet1!$D:$D, D3, Sheet1!$E:$E, E3 ) = 0, "NO MATCH IN TARGET", "MATCHED") -> MATCHED
A4: 46238.69 | B4: GRSEEQ | C4: B | D4: 5 | E4: 2530 | F4: Expired | G4: =IF(COUNTIFS( Sheet1!$B:$B, B4, Sheet1!$C:$C, C4, Sheet1!$D:$D, D4, Sheet1!$E:$E, E4 ) = 0, "NO MATCH IN TARGET", "MATCHED") -> NO MATCH IN TARGET
A5: 46238.691 | B5: JUSTDIALEQ | C5: B | D5: 10 | E5: 701 | F5: Expired | G5: =IF(COUNTIFS( Sheet1!$B:$B, B5, Sheet1!$C:$C, C5, Sheet1!$D:$D, D5, Sheet1!$E:$E, E5 ) = 0, "NO MATCH IN TARGET", "MATCHED") -> NO MATCH IN TARGET
A6: 46238.645 | B6: IRFCEQ | C6: B | D6: 200 | E6: 88.75 | F6: Expired | G6: =IF(COUNTIFS( Sheet1!$B:$B, B6, Sheet1!$C:$C, C6, Sheet1!$D:$D, D6, Sheet1!$E:$E, E6 ) = 0, "NO MATCH IN TARGET", "MATCHED") -> NO MATCH IN TARGET
A7: 46238.636 | B7: IREDAEQ | C7: B | D7: 150 | E7: 119 | F7: Expired | G7: =IF(COUNTIFS( Sheet1!$B:$B, B7, Sheet1!$C:$C, C7, Sheet1!$D:$D, D7, Sheet1!$E:$E, E7 ) = 0, "NO MATCH IN TARGET", "MATCHED") -> NO MATCH IN TARGET
A8: 46238.645 | B8: TVSMOTOREQ | C8: B | D8: 1 | E8: 4306 | F8: Expired | G8: =IF(COUNTIFS( Sheet1!$B:$B, B8, Sheet1!$C:$C, C8, Sheet1!$D:$D, D8, Sheet1!$E:$E, E8 ) = 0, "NO MATCH IN TARGET", "MATCHED") -> MATCHED
A9: 46238.645 | B9: LTEQ | C9: B | D9: 10 | E9: 3950 | F9: Expired | G9: =IF(COUNTIFS( Sheet1!$B:$B, B9, Sheet1!$C:$C, C9, Sheet1!$D:$D, D9, Sheet1!$E:$E, E9 ) = 0, "NO MATCH IN TARGET", "MATCHED") -> MATCHED
A10: 46238.69 | B10: SCIEQ | C10: B | D10: 20 | E10: 296 | F10: Expired | G10: =IF(COUNTIFS( Sheet1!$B:$B, B10, Sheet1!$C:$C, C10, Sheet1!$D:$D, D10, Sheet1!$E:$E, E10 ) = 0, "NO MATCH IN TARGET", "MATCHED") -> MATCHED
A11: 46238.69 | B11: GRSEEQ | C11: B | D11: 5 | E11: 2510 | F11: Expired | G11: =IF(COUNTIFS( Sheet1!$B:$B, B11, Sheet1!$C:$C, C11, Sheet1!$D:$D, D11, Sheet1!$E:$E, E11 ) = 0, "NO MATCH IN TARGET", "MATCHED") -> NO MATCH IN TARGET
A12: 46238.645 | B12: LTEQ | C12: B | D12: 5 | E12: 3938 | F12: Expired | G12: =IF(COUNTIFS( Sheet1!$B:$B, B12, Sheet1!$C:$C, C12, Sheet1!$D:$D, D12, Sheet1!$E:$E, E12 ) = 0, "NO MATCH IN TARGET", "MATCHED") -> MATCHED
A13: 46238.645 | B13: COCHINSHIPEQ | C13: B | D13: 10 | E13: 1410 | F13: Expired | G13: =IF(COUNTIFS( Sheet1!$B:$B, B13, Sheet1!$C:$C, C13, Sheet1!$D:$D, D13, Sheet1!$E:$E, E13 ) = 0, "NO MATCH IN TARGET", "MATCHED") -> MATCHED
... A173: 46237.769 | B173: SENCOEQ | C173: S | D173: 5 | E173: 435 | F173: Expired | G173: =IF(COUNTIFS( Sheet1!$B:$B, B173, Sheet1!$C:$C, C173, Sheet1!$D:$D, D173, Sheet1!$E:$E, E173 ) = 0, "NO MATCH IN TARGET", "MATCHED") -> MATCHED
